time;N1;P1;P2;N3;P3;N1_prev1;P1_prev1;P2_prev1;N3_prev1;P3_prev1;N1_prev2;P1_prev2;P2_prev2;N3_prev2;P3_prev2;N1_prev3;P1_prev3;P2_prev3;N3_prev3;P3_prev3;AP;Predicted AP
1101.289660692215;-6.15689e-05;-5.28151e-05;0.000454389636;-0.0002566208;4.6722e-05;-6.4762e-05;-8.6779e-05;0.000581005297;-0.0003064938;6.5811e-05;-6.43109e-05;-0.0001449032;0.000867694034;-0.0003600713;9.339e-05;-6.77369e-05;-0.0002389686;0.00115366129;-0.00046538;0.000193834;0;0
1104.5463399887085;-6.07685e-05;-4.21973e-05;0.000397343305;-0.0002382555;2.0016e-05;-6.15689e-05;-5.28151e-05;0.000454389636;-0.0002566208;4.6722e-05;-6.4762e-05;-8.6779e-05;0.000581005297;-0.0003064938;6.5811e-05;-6.43109e-05;-0.0001449032;0.000867694034;-0.0003600713;9.339e-05;0;0
1109.386855840683;-5.85027e-05;-1.05297e-05;0.000307518814;-0.0002169798;8.766e-06;-6.07685e-05;-4.21973e-05;0.000397343305;-0.0002382555;2.0016e-05;-6.15689e-05;-5.28151e-05;0.000454389636;-0.0002566208;4.6722e-05;-6.4762e-05;-8.6779e-05;0.000581005297;-0.0003064938;6.5811e-05;0;0
1112.8955416679382;-5.86632e-05;-1.2294e-06;0.000304846064;-0.0002001632;7.62e-07;-5.85027e-05;-1.05297e-05;0.000307518814;-0.0002169798;8.766e-06;-6.07685e-05;-4.21973e-05;0.000397343305;-0.0002382555;2.0016e-05;-6.15689e-05;-5.28151e-05;0.000454389636;-0.0002566208;4.6722e-05;0;7
1116.3751995563507;-5.566e-05;1.47917e-05;0.000248480443;-0.0001866456;3.099e-05;-5.86632e-05;-1.2294e-06;0.000304846064;-0.0002001632;7.62e-07;-5.85027e-05;-1.05297e-05;0.000307518814;-0.0002169798;8.766e-06;-6.07685e-05;-4.21973e-05;0.000397343305;-0.0002382555;2.0016e-05;0;7
1157.1865186691284;-0.0001134139;3.3901e-05;6.31167641e-05;-0.0001512883;1.0301e-05;-0.0001280797;3.69713e-05;0.000100389087;-0.0001761583;2.0402e-05;-0.0001823539;4.09606e-05;6.85815467e-05;-0.0002153032;1.1184e-05;-0.0002121955;3.7436e-05;6.29253773e-05;-0.000235068;8.257e-05;0;0
1160.5389223098755;-9.08879e-05;5.5769e-05;8.63040841e-05;-0.0001416857;1.1184e-05;-0.0001134139;3.3901e-05;6.31167641e-05;-0.0001512883;1.0301e-05;-0.0001280797;3.69713e-05;0.000100389087;-0.0001761583;2.0402e-05;-0.0001823539;4.09606e-05;6.85815467e-05;-0.0002153032;1.1184e-05;0;0
1164.9262781143188;-8.70832e-05;3.80853e-05;6.42792365e-05;-0.0001326786;-2.053e-06;-9.08879e-05;5.5769e-05;8.63040841e-05;-0.0001416857;1.1184e-05;-0.0001134139;3.3901e-05;6.31167641e-05;-0.0001512883;1.0301e-05;-0.0001280797;3.69713e-05;0.000100389087;-0.0001761583;2.0402e-05;0;0
1168.434784412384;-8.32639e-05;5.59967e-05;7.23579869e-05;-0.0001283567;6.47e-06;-8.70832e-05;3.80853e-05;6.42792365e-05;-0.0001326786;-2.053e-06;-9.08879e-05;5.5769e-05;8.63040841e-05;-0.0001416857;1.1184e-05;-0.0001134139;3.3901e-05;6.31167641e-05;-0.0001512883;1.0301e-05;0;7
1385.268137216568;-5.63271e-05;7.45699e-05;0.000226093805;-0.0001400647;-0.000113726;-5.52162e-05;0.0001075939;0.00028626842;-0.0001841716;-0.00010815;-6.85184e-05;0.0001095303;0.000340789091;-0.0002251152;-8.7881e-05;-8.02648e-05;0.0001139067;0.000405863801;-0.0002837062;-5.1271e-05;0;0
1388.7494122982023;-4.29253e-05;9.05386e-05;0.000219230365;-0.0001261903;-0.000116618;-5.63271e-05;7.45699e-05;0.000226093805;-0.0001400647;-0.000113726;-5.52162e-05;0.0001075939;0.00028626842;-0.0001841716;-0.00010815;-6.85184e-05;0.0001095303;0.000340789091;-0.0002251152;-8.7881e-05;0;0
1392.1990673542025;-4.44705e-05;7.87847e-05;0.000208401165;-0.000117228;-0.000114256;-4.29253e-05;9.05386e-05;0.000219230365;-0.0001261903;-0.000116618;-5.63271e-05;7.45699e-05;0.000226093805;-0.0001400647;-0.000113726;-5.52162e-05;0.0001075939;0.00028626842;-0.0001841716;-0.00010815;0;0
1396.669799566269;-4.35086e-05;7.86547e-05;0.000185059165;-0.0001098987;-0.000107532;-4.44705e-05;7.87847e-05;0.000208401165;-0.000117228;-0.000114256;-4.29253e-05;9.05386e-05;0.000219230365;-0.0001261903;-0.000116618;-5.63271e-05;7.45699e-05;0.000226093805;-0.0001400647;-0.000113726;0;0
1487.2755308151247;-1.8724e-06;-3.05106e-05;-8.89552466e-05;-0.0003171469;-0.000166255;7.469e-07;-4.56925e-05;-0.00013319272;-0.0004141094;-0.000187762;8.0048e-06;-3.86339e-05;-0.000182379023;-0.0005343817;-0.000191405;2.63336e-05;-8.84511e-05;-0.000336067111;-0.0007618758;-0.000204896;0;0
1491.8233830928805;-2.4368e-06;-4.0428e-06;-7.40442993e-05;-0.0002644868;-0.000163959;-1.8724e-06;-3.05106e-05;-8.89552466e-05;-0.0003171469;-0.000166255;7.469e-07;-4.56925e-05;-0.00013319272;-0.0004141094;-0.000187762;8.0048e-06;-3.86339e-05;-0.000182379023;-0.0005343817;-0.000191405;0;0
1495.1406760215762;-1.8336e-06;-1.72285e-05;-4.53781904e-05;-0.0002045682;-0.000156993;-2.4368e-06;-4.0428e-06;-7.40442993e-05;-0.0002644868;-0.000163959;-1.8724e-06;-3.05106e-05;-8.89552466e-05;-0.0003171469;-0.000166255;7.469e-07;-4.56925e-05;-0.00013319272;-0.0004141094;-0.000187762;0;0
1498.3253962993624;-4.8736e-06;1.7266e-06;-2.48288798e-05;-0.0001794952;-0.000140852;-1.8336e-06;-1.72285e-05;-4.53781904e-05;-0.0002045682;-0.000156993;-2.4368e-06;-4.0428e-06;-7.40442993e-05;-0.0002644868;-0.000163959;-1.8724e-06;-3.05106e-05;-8.89552466e-05;-0.0003171469;-0.000166255;0;0
1501.513537168503;-3.855e-06;9.7146e-06;-1.94291297e-05;-0.0001617265;-0.000158163;-4.8736e-06;1.7266e-06;-2.48288798e-05;-0.0001794952;-0.000140852;-1.8336e-06;-1.72285e-05;-4.53781904e-05;-0.0002045682;-0.000156993;-2.4368e-06;-4.0428e-06;-7.40442993e-05;-0.0002644868;-0.000163959;0;0
1157.6982140541077;-0.0008489753;0.000142118;8.3943567e-05;2.23043e-05;-5.8635e-05;-0.0012280559;9.77419e-05;8.10359561e-05;4.45552e-05;-5.5234e-05;-0.0020921024;0.0001512756;0.000149123473;0.0001382897;-8.1908e-05;-0.003415573;0.0002443906;0.000288951531;0.0003085182;-0.000233557;0;0
1160.9239242076874;-0.0006938908;0.0001123406;-2.581638e-05;1.75886e-05;-5.0598e-05;-0.0008489753;0.000142118;8.3943567e-05;2.23043e-05;-5.8635e-05;-0.0012280559;9.77419e-05;8.10359561e-05;4.45552e-05;-5.5234e-05;-0.0020921024;0.0001512756;0.000149123473;0.0001382897;-8.1908e-05;0;0
1165.3954648971558;-0.0005797667;9.48215e-05;6.47263441e-05;1.32406e-05;-3.7404e-05;-0.0006938908;0.0001123406;-2.581638e-05;1.75886e-05;-5.0598e-05;-0.0008489753;0.000142118;8.3943567e-05;2.23043e-05;-5.8635e-05;-0.0012280559;9.77419e-05;8.10359561e-05;4.45552e-05;-5.5234e-05;0;0
1169.8554592132568;-0.0004695368;8.49968e-05;4.34537396e-05;1.32951e-05;-3.152e-05;-0.0005797667;9.48215e-05;6.47263441e-05;1.32406e-05;-3.7404e-05;-0.0006938908;0.0001123406;-2.581638e-05;1.75886e-05;-5.0598e-05;-0.0008489753;0.000142118;8.3943567e-05;2.23043e-05;-5.8635e-05;0;0
1212.9257140159607;-0.0002239902;0.0001730692;0.000316573627;0.0002203481;-0.000328006;-0.0002616602;0.0002633583;0.000482493342;0.0002782148;-0.000323966;-0.0003235511;0.0003107176;0.000534960942;0.0004102616;-0.000424134;-0.0005120394;0.000397376;0.000721155491;0.0009968041;-0.000799393;0;0
1217.3675339221954;-0.0001937826;0.0001210104;0.000202369352;0.00016912;-0.000225652;-0.0002239902;0.0001730692;0.000316573627;0.0002203481;-0.000328006;-0.0002616602;0.0002633583;0.000482493342;0.0002782148;-0.000323966;-0.0003235511;0.0003107176;0.000534960942;0.0004102616;-0.000424134;0;0
1220.657695055008;-0.0001623278;0.0001400829;0.000183597149;0.00012853;-0.000204642;-0.0001937826;0.0001210104;0.000202369352;0.00016912;-0.000225652;-0.0002239902;0.0001730692;0.000316573627;0.0002203481;-0.000328006;-0.0002616602;0.0002633583;0.000482493342;0.0002782148;-0.000323966;0;0
1225.14897108078;-0.0001471837;0.0001161893;0.000141807046;0.0001056584;-0.000190268;-0.0001623278;0.0001400829;0.000183597149;0.00012853;-0.000204642;-0.0001937826;0.0001210104;0.000202369352;0.00016912;-0.000225652;-0.0002239902;0.0001730692;0.000316573627;0.0002203481;-0.000328006;0;0
1270.7101557254791;-5.41106e-05;-4.15984e-05;-3.72225441e-06;-0.00047284;-0.00023253;-5.48355e-05;-6.04433e-05;-4.24122263e-05;-0.0006506247;-0.000243029;-5.20504e-05;-0.0001007485;6.15477766e-05;-0.0008790197;-0.000242234;-6.71841e-05;-0.0001663675;0.00257654395;-0.0013988943;-7.4268e-05;0;0
1273.994283914566;-5.35001e-05;-3.21166e-05;-1.1756797e-05;-0.0003900857;-0.000220132;-5.41106e-05;-4.15984e-05;-3.72225441e-06;-0.00047284;-0.00023253;-5.48355e-05;-6.04433e-05;-4.24122263e-05;-0.0006506247;-0.000243029;-5.20504e-05;-0.0001007485;6.15477766e-05;-0.0008790197;-0.000242234;0;0
1277.3091249465942;-4.98161e-05;4.3281e-06;9.78172648e-06;-0.0003240203;-0.000203527;-5.35001e-05;-3.21166e-05;-1.1756797e-05;-0.0003900857;-0.000220132;-5.41106e-05;-4.15984e-05;-3.72225441e-06;-0.00047284;-0.00023253;-5.48355e-05;-6.04433e-05;-4.24122263e-05;-0.0006506247;-0.000243029;0;0
1280.5290529727936;-4.92349e-05;-1.68917e-05;1.59275642e-05;-0.000281193;-0.000201662;-4.98161e-05;4.3281e-06;9.78172648e-06;-0.0003240203;-0.000203527;-5.35001e-05;-3.21166e-05;-1.1756797e-05;-0.0003900857;-0.000220132;-5.41106e-05;-4.15984e-05;-3.72225441e-06;-0.00047284;-0.00023253;0;0
1283.8073027133942;-4.86612e-05;-1.71257e-05;3.400489e-05;-0.0002485988;-0.000211256;-4.92349e-05;-1.68917e-05;1.59275642e-05;-0.000281193;-0.000201662;-4.98161e-05;4.3281e-06;9.78172648e-06;-0.0003240203;-0.000203527;-5.35001e-05;-3.21166e-05;-1.1756797e-05;-0.0003900857;-0.000220132;0;0
1399.5691349506378;-7.71976e-05;-0.000797379;0.000632305106;-8.38493e-05;-7.7558e-05;-4.86192e-05;-0.000664984;0.000895441161;-2.76254e-05;-0.000102939;-3.176e-05;0.0008367829;0.00111292116;2.69306e-05;-0.000147509;2.00502e-05;0.0052417577;0.00134698476;0.0001689673;-0.000229781;0;3
1402.749142408371;-6.84229e-05;-0.0001996642;0.000594549056;-7.46001e-05;-0.00011239;-7.71976e-05;-0.000797379;0.000632305106;-8.38493e-05;-7.7558e-05;-4.86192e-05;-0.000664984;0.000895441161;-2.76254e-05;-0.000102939;-3.176e-05;0.0008367829;0.00111292116;2.69306e-05;-0.000147509;0;0
1405.7969019412994;-6.96523e-05;-0.0001051049;0.000465392048;-8.01176e-05;-5.593e-05;-6.84229e-05;-0.0001996642;0.000594549056;-7.46001e-05;-0.00011239;-7.71976e-05;-0.000797379;0.000632305106;-8.38493e-05;-7.7558e-05;-4.86192e-05;-0.000664984;0.000895441161;-2.76254e-05;-0.000102939;0;5
1409.043598651886;-7.34737e-05;-1.3228e-06;0.000405176601;-9.1339e-05;-6.2311e-05;-6.96523e-05;-0.0001051049;0.000465392048;-8.01176e-05;-5.593e-05;-6.84229e-05;-0.0001996642;0.000594549056;-7.46001e-05;-0.00011239;-7.71976e-05;-0.000797379;0.000632305106;-8.38493e-05;-7.7558e-05;0;5
1413.484495162964;-7.5257e-05;8.06844e-05;0.000358903169;-9.49235e-05;-5.3612e-05;-7.34737e-05;-1.3228e-06;0.000405176601;-9.1339e-05;-6.2311e-05;-6.96523e-05;-0.0001051049;0.000465392048;-8.01176e-05;-5.593e-05;-6.84229e-05;-0.0001996642;0.000594549056;-7.46001e-05;-0.00011239;0;0
458.2059652805328;-1.0623e-05;0.000142718;0.000127847074;0.0002531332;-0.000319439;7.972e-07;0.0001461597;0.000121879675;0.0004015349;-0.000417145;1.8305e-06;0.0001794281;0.000250115379;0.0007819516;-0.000621015;-4.27722e-05;0.0002516569;0.000449074665;0.001075123;-0.00115636;0;0
461.33412194252014;-1.70197e-05;0.0001431009;9.35557691e-05;0.0002075306;-0.00026617;-1.0623e-05;0.000142718;0.000127847074;0.0002531332;-0.000319439;7.972e-07;0.0001461597;0.000121879675;0.0004015349;-0.000417145;1.8305e-06;0.0001794281;0.000250115379;0.0007819516;-0.000621015;0;0
464.4658713340759;-2.41203e-05;0.0001276452;5.51375488e-05;0.0001749756;-0.000239883;-1.70197e-05;0.0001431009;9.35557691e-05;0.0002075306;-0.00026617;-1.0623e-05;0.000142718;0.000127847074;0.0002531332;-0.000319439;7.972e-07;0.0001461597;0.000121879675;0.0004015349;-0.000417145;0;0
467.82082772254944;-2.79522e-05;0.0001393224;0.000110205823;0.0001540021;-0.000233281;-2.41203e-05;0.0001276452;5.51375488e-05;0.0001749756;-0.000239883;-1.70197e-05;0.0001431009;9.35557691e-05;0.0002075306;-0.00026617;-1.0623e-05;0.000142718;0.000127847074;0.0002531332;-0.000319439;0;0
472.2988398075104;-2.40321e-05;0.0001191904;8.87057322e-05;0.0001469084;-0.000201893;-2.79522e-05;0.0001393224;0.000110205823;0.0001540021;-0.000233281;-2.41203e-05;0.0001276452;5.51375488e-05;0.0001749756;-0.000239883;-1.70197e-05;0.0001431009;9.35557691e-05;0.0002075306;-0.00026617;0;0
510.87525486946106;7.6429e-06;9.37956e-05;-3.14156314e-05;-0.0001840603;-0.000389677;1.72337e-05;5.62893e-05;-5.72906247e-05;-0.0002697501;-0.00044097;2.75043e-05;4.37267e-05;-0.000127246836;-0.0004015864;-0.000543336;4.24302e-05;1.343e-07;-0.000192824402;-0.0006415642;-0.000846689;0;0
513.9819099903107;1.8305e-06;0.0001040683;-1.49666175e-06;-0.0001399523;-0.000330435;7.6429e-06;9.37956e-05;-3.14156314e-05;-0.0001840603;-0.000389677;1.72337e-05;5.62893e-05;-5.72906247e-05;-0.0002697501;-0.00044097;2.75043e-05;4.37267e-05;-0.000127246836;-0.0004015864;-0.000543336;0;0
518.4178214073181;6.199e-07;9.56251e-05;-8.89947842e-06;-9.74368e-05;-0.000299037;1.8305e-06;0.0001040683;-1.49666175e-06;-0.0001399523;-0.000330435;7.6429e-06;9.37956e-05;-3.14156314e-05;-0.0001840603;-0.000389677;1.72337e-05;5.62893e-05;-5.72906247e-05;-0.0002697501;-0.00044097;0;0
521.5509717464447;-3.8151e-06;0.0001118454;4.53575813e-05;-6.51568e-05;-0.000291176;6.199e-07;9.56251e-05;-8.89947842e-06;-9.74368e-05;-0.000299037;1.8305e-06;0.0001040683;-1.49666175e-06;-0.0001399523;-0.000330435;7.6429e-06;9.37956e-05;-3.14156314e-05;-0.0001840603;-0.000389677;0;0
524.6146819591522;-4.9092e-06;0.0001208289;4.16410585e-05;-5.13959e-05;-0.000294543;-3.8151e-06;0.0001118454;4.53575813e-05;-6.51568e-05;-0.000291176;6.199e-07;9.56251e-05;-8.89947842e-06;-9.74368e-05;-0.000299037;1.8305e-06;0.0001040683;-1.49666175e-06;-0.0001399523;-0.000330435;0;0
565.4661056995392;-9.24341e-05;0.000147387;4.48874816e-05;4.46108e-05;-0.000206133;-0.0001173413;0.0001452188;0.000117460484;7.73305e-05;-0.000211852;-0.0001600243;0.000170496;0.000176499831;0.0001871766;-0.000268334;-0.0001479767;0.0002800633;0.000302962144;0.0002318335;-0.000374243;0;0
568.5679078102112;-9.30446e-05;0.0001460527;9.23592161e-05;5.62392e-05;-0.000170186;-9.24341e-05;0.000147387;4.48874816e-05;4.46108e-05;-0.000206133;-0.0001173413;0.0001452188;0.000117460484;7.73305e-05;-0.000211852;-0.0001600243;0.000170496;0.000176499831;0.0001871766;-0.000268334;0;0
571.7312092781067;-8.66898e-05;0.0001474394;0.000114150142;5.63373e-05;-0.000218895;-9.30446e-05;0.0001460527;9.23592161e-05;5.62392e-05;-0.000170186;-9.24341e-05;0.000147387;4.48874816e-05;4.46108e-05;-0.000206133;-0.0001173413;0.0001452188;0.000117460484;7.73305e-05;-0.000211852;0;0
574.8497364521027;-8.1574e-05;0.0001226048;9.00112573e-05;5.61814e-05;-0.00014996;-8.66898e-05;0.0001474394;0.000114150142;5.63373e-05;-0.000218895;-9.30446e-05;0.0001460527;9.23592161e-05;5.62392e-05;-0.000170186;-9.24341e-05;0.000147387;4.48874816e-05;4.46108e-05;-0.000206133;0;0
578.0012738704681;-7.77966e-05;0.0001331544;9.2089329e-05;5.65577e-05;-0.000152897;-8.1574e-05;0.0001226048;9.00112573e-05;5.61814e-05;-0.00014996;-8.66898e-05;0.0001474394;0.000114150142;5.63373e-05;-0.000218895;-9.30446e-05;0.0001460527;9.23592161e-05;5.62392e-05;-0.000170186;0;0
581.0416769981384;-7.52591e-05;0.0001275801;9.01211606e-05;5.48505e-05;-0.000152477;-7.77966e-05;0.0001331544;9.2089329e-05;5.65577e-05;-0.000152897;-8.1574e-05;0.0001226048;9.00112573e-05;5.61814e-05;-0.00014996;-8.66898e-05;0.0001474394;0.000114150142;5.63373e-05;-0.000218895;0;0
667.5358254909515;-0.0001026513;0.000173257;0.000206412195;9.78229e-05;-0.000144837;-0.0001015709;0.0002161437;0.000280385604;0.0001061722;-0.00018116;-0.0001085508;0.0002423923;0.000326089619;0.0001273922;-0.000183622;-0.0001269111;0.0003039108;0.000534351158;0.0002255721;-0.000255284;0;0
670.6796720027924;-8.84563e-05;0.0001739556;0.000195651228;9.22968e-05;-0.000132803;-0.0001026513;0.000173257;0.000206412195;9.78229e-05;-0.000144837;-0.0001015709;0.0002161437;0.000280385604;0.0001061722;-0.00018116;-0.0001085508;0.0002423923;0.000326089619;0.0001273922;-0.000183622;0;0
673.8619155883789;-8.29964e-05;0.0001950034;0.000184703429;9.28858e-05;-0.000172913;-8.84563e-05;0.0001739556;0.000195651228;9.22968e-05;-0.000132803;-0.0001026513;0.000173257;0.000206412195;9.78229e-05;-0.000144837;-0.0001015709;0.0002161437;0.000280385604;0.0001061722;-0.00018116;0;0
677.0756843090057;-8.08019e-05;0.0001650822;0.000199201124;8.64924e-05;-0.000118727;-8.29964e-05;0.0001950034;0.000184703429;9.28858e-05;-0.000172913;-8.84563e-05;0.0001739556;0.000195651228;9.22968e-05;-0.000132803;-0.0001026513;0.000173257;0.000206412195;9.78229e-05;-0.000144837;0;5
680.1647465229034;-7.92012e-05;0.0001779879;0.000165669495;8.30236e-05;-0.000154917;-8.08019e-05;0.0001650822;0.000199201124;8.64924e-05;-0.000118727;-8.29964e-05;0.0001950034;0.000184703429;9.28858e-05;-0.000172913;-8.84563e-05;0.0001739556;0.000195651228;9.22968e-05;-0.000132803;0;8
818.0280711650848;-8.151e-05;0.0002309395;0.000111477275;-4.25579e-05;-3.269e-05;-8.14554e-05;0.0002621561;0.000108430249;-5.67388e-05;-6.403e-06;-9.31893e-05;0.0002912486;9.38939411e-06;-6.96085e-05;-2.6552e-05;-0.0001402164;0.0002950826;8.23339869e-05;-8.81679e-05;5.012e-06;0;0
821.2525591850281;-5.97363e-05;0.0002385814;0.000115057628;-3.47355e-05;-4.9869e-05;-8.151e-05;0.0002309395;0.000111477275;-4.25579e-05;-3.269e-05;-8.14554e-05;0.0002621561;0.000108430249;-5.67388e-05;-6.403e-06;-9.31893e-05;0.0002912486;9.38939411e-06;-6.96085e-05;-2.6552e-05;0;0
824.4869232177734;-5.81838e-05;0.0002279269;0.000121820856;-2.77552e-05;-2.5205e-05;-5.97363e-05;0.0002385814;0.000115057628;-3.47355e-05;-4.9869e-05;-8.151e-05;0.0002309395;0.000111477275;-4.25579e-05;-3.269e-05;-8.14554e-05;0.0002621561;0.000108430249;-5.67388e-05;-6.403e-06;0;0
827.8093547821045;-5.36491e-05;0.0002252488;0.000105150059;-2.53816e-05;-3.2966e-05;-5.81838e-05;0.0002279269;0.000121820856;-2.77552e-05;-2.5205e-05;-5.97363e-05;0.0002385814;0.000115057628;-3.47355e-05;-4.9869e-05;-8.151e-05;0.0002309395;0.000111477275;-4.25579e-05;-3.269e-05;0;8
830.9725074768066;-5.30585e-05;0.0002308577;9.59851677e-05;-2.31672e-05;-2.6949e-05;-5.36491e-05;0.0002252488;0.000105150059;-2.53816e-05;-3.2966e-05;-5.81838e-05;0.0002279269;0.000121820856;-2.77552e-05;-2.5205e-05;-5.97363e-05;0.0002385814;0.000115057628;-3.47355e-05;-4.9869e-05;0;8
874.9722871780396;-7.32881e-05;0.0001884273;-1.01417127e-05;-1.56404e-05;-5.1492e-05;-8.11061e-05;0.0001941862;-6.70684676e-06;-2.43235e-05;-2.5371e-05;-9.33372e-05;0.0002030459;8.29489145e-05;-2.9662e-05;-1.5302e-05;-0.0001349316;0.0001858594;7.91514904e-05;-4.10405e-05;-1.4783e-05;0;0
878.1420216560364;-6.58833e-05;0.0001925897;0.00018421805;-9.5165e-06;-2.3527e-05;-7.32881e-05;0.0001884273;-1.01417127e-05;-1.56404e-05;-5.1492e-05;-8.11061e-05;0.0001941862;-6.70684676e-06;-2.43235e-05;-2.5371e-05;-9.33372e-05;0.0002030459;8.29489145e-05;-2.9662e-05;-1.5302e-05;0;0
882.5137076377869;-9.39866e-05;0.0001669211;8.51493605e-05;-1.26581e-05;-3.6201e-05;-6.58833e-05;0.0001925897;0.00018421805;-9.5165e-06;-2.3527e-05;-7.32881e-05;0.0001884273;-1.01417127e-05;-1.56404e-05;-5.1492e-05;-8.11061e-05;0.0001941862;-6.70684676e-06;-2.43235e-05;-2.5371e-05;0;5
885.7743158340454;-5.85981e-05;0.0001746395;9.56969889e-05;-5.9134e-06;-4.4702e-05;-9.39866e-05;0.0001669211;8.51493605e-05;-1.26581e-05;-3.6201e-05;-6.58833e-05;0.0001925897;0.00018421805;-9.5165e-06;-2.3527e-05;-7.32881e-05;0.0001884273;-1.01417127e-05;-1.56404e-05;-5.1492e-05;0;0
888.9252092838287;-5.65296e-05;0.0001733786;0.000131026944;-9.785e-07;-4.7175e-05;-5.85981e-05;0.0001746395;9.56969889e-05;-5.9134e-06;-4.4702e-05;-9.39866e-05;0.0001669211;8.51493605e-05;-1.26581e-05;-3.6201e-05;-6.58833e-05;0.0001925897;0.00018421805;-9.5165e-06;-2.3527e-05;0;0
933.0444707870485;-4.33365e-05;0.000296975;0.000120088167;1.52641e-05;-5.3987e-05;-4.54481e-05;0.0003235729;0.000147860555;1.83904e-05;-5.848e-05;-4.70258e-05;0.0003843351;0.000144144244;2.14818e-05;-4.4404e-05;-4.70992e-05;0.0004508732;0.000187502112;2.55648e-05;-7.8507e-05;0;0
936.2063045501708;-4.58352e-05;0.0002844868;9.52406772e-05;2.04674e-05;-8.363e-05;-4.33365e-05;0.000296975;0.000120088167;1.52641e-05;-5.3987e-05;-4.54481e-05;0.0003235729;0.000147860555;1.83904e-05;-5.848e-05;-4.70258e-05;0.0003843351;0.000144144244;2.14818e-05;-4.4404e-05;0;8
939.45046377182;-4.46813e-05;0.0002659891;4.26717816e-05;1.97092e-05;-3.2801e-05;-4.58352e-05;0.0002844868;9.52406772e-05;2.04674e-05;-8.363e-05;-4.33365e-05;0.000296975;0.000120088167;1.52641e-05;-5.3987e-05;-4.54481e-05;0.0003235729;0.000147860555;1.83904e-05;-5.848e-05;0;8
943.887336730957;-4.44894e-05;0.0002414849;0.000102662292;1.68305e-05;-5.0322e-05;-4.46813e-05;0.0002659891;4.26717816e-05;1.97092e-05;-3.2801e-05;-4.58352e-05;0.0002844868;9.52406772e-05;2.04674e-05;-8.363e-05;-4.33365e-05;0.000296975;0.000120088167;1.52641e-05;-5.3987e-05;0;8
947.1072504520416;-4.56716e-05;0.0002377695;0.000117813848;1.7029e-05;-4.4216e-05;-4.44894e-05;0.0002414849;0.000102662292;1.68305e-05;-5.0322e-05;-4.46813e-05;0.0002659891;4.26717816e-05;1.97092e-05;-3.2801e-05;-4.58352e-05;0.0002844868;9.52406772e-05;2.04674e-05;-8.363e-05;0;8
1104.6526536941528;-0.0004782245;0.0002486379;0.000148995328;5.51843e-05;-8.3674e-05;-0.0006204347;0.0002647115;0.000143827987;8.80414e-05;-0.000103955;-0.0008045834;0.0002857016;0.000176571601;0.000143289;-0.000144274;-0.0015846141;0.0003211571;0.000269285316;0.0007874385;-0.000380768;0;0
1109.2064208984375;-0.000410586;0.0002470498;0.00011522248;3.98319e-05;-6.4343e-05;-0.0004782245;0.0002486379;0.000148995328;5.51843e-05;-8.3674e-05;-0.0006204347;0.0002647115;0.000143827987;8.80414e-05;-0.000103955;-0.0008045834;0.0002857016;0.000176571601;0.000143289;-0.000144274;0;0
1113.6853487491608;-0.0003456059;0.0002327847;9.9996847e-05;3.2147e-05;-5.9242e-05;-0.000410586;0.0002470498;0.00011522248;3.98319e-05;-6.4343e-05;-0.0004782245;0.0002486379;0.000148995328;5.51843e-05;-8.3674e-05;-0.0006204347;0.0002647115;0.000143827987;8.80414e-05;-0.000103955;0;0
1116.8518776893616;-0.000295709;0.0002182584;0.000119545424;2.97755e-05;-4.6921e-05;-0.0003456059;0.0002327847;9.9996847e-05;3.2147e-05;-5.9242e-05;-0.000410586;0.0002470498;0.00011522248;3.98319e-05;-6.4343e-05;-0.0004782245;0.0002486379;0.000148995328;5.51843e-05;-8.3674e-05;0;0
1160.5232517719269;-6.39658e-05;5.73855e-05;-0.000129866487;-0.0005829075;-0.000561221;-4.62926e-05;4.87881e-05;-0.00019552953;-0.0009517709;-0.00097618;-6.2408e-05;2.52983e-05;-0.000265238719;-0.001181288;-0.002726597;-7.35188e-05;2.48063e-05;-0.000249272183;-0.001134721;-0.002708369;0;0
1163.943835735321;-7.0332e-05;0.0001007189;-8.41289366e-05;-0.0004235135;-0.00042473;-6.39658e-05;5.73855e-05;-0.000129866487;-0.0005829075;-0.000561221;-4.62926e-05;4.87881e-05;-0.00019552953;-0.0009517709;-0.00097618;-6.2408e-05;2.52983e-05;-0.000265238719;-0.001181288;-0.002726597;0;0
1167.142310142517;-7.3801e-05;0.0001146242;-5.18129455e-05;-0.0003264899;-0.000362308;-7.0332e-05;0.0001007189;-8.41289366e-05;-0.0004235135;-0.00042473;-6.39658e-05;5.73855e-05;-0.000129866487;-0.0005829075;-0.000561221;-4.62926e-05;4.87881e-05;-0.00019552953;-0.0009517709;-0.00097618;0;0
1170.3370881080627;-7.52423e-05;0.0001126836;-1.12810822e-05;-0.000267023;-0.000307626;-7.3801e-05;0.0001146242;-5.18129455e-05;-0.0003264899;-0.000362308;-7.0332e-05;0.0001007189;-8.41289366e-05;-0.0004235135;-0.00042473;-6.39658e-05;5.73855e-05;-0.000129866487;-0.0005829075;-0.000561221;0;0
1173.6033334732056;-7.60207e-05;0.0001190394;2.08980055e-06;-0.0002236753;-0.000277906;-7.52423e-05;0.0001126836;-1.12810822e-05;-0.000267023;-0.000307626;-7.3801e-05;0.0001146242;-5.18129455e-05;-0.0003264899;-0.000362308;-7.0332e-05;0.0001007189;-8.41289366e-05;-0.0004235135;-0.00042473;0;0
1285.8390481472015;1.8315e-06;3.68884e-05;-3.98228258e-06;3.51435e-05;-2.027e-05;9.808e-06;4.34404e-05;-4.35401762e-06;3.22997e-05;-2.1142e-05;1.06608e-05;4.45481e-05;-9.04602348e-06;3.21917e-05;-2.324e-05;9.701e-06;5.31235e-05;1.28418351e-05;3.08609e-05;-1.9089e-05;0;0
1290.2627444267273;7.1813e-06;5.12909e-05;3.62268042e-06;3.0526e-05;-2.0281e-05;1.8315e-06;3.68884e-05;-3.98228258e-06;3.51435e-05;-2.027e-05;9.808e-06;4.34404e-05;-4.35401762e-06;3.22997e-05;-2.1142e-05;1.06608e-05;4.45481e-05;-9.04602348e-06;3.21917e-05;-2.324e-05;0;0
1293.4770090579989;8.5356e-06;4.85804e-05;8.38535001e-08;3.36818e-05;-1.1482e-05;7.1813e-06;5.12909e-05;3.62268042e-06;3.0526e-05;-2.0281e-05;1.8315e-06;3.68884e-05;-3.98228258e-06;3.51435e-05;-2.027e-05;9.808e-06;4.34404e-05;-4.35401762e-06;3.22997e-05;-2.1142e-05;0;0
1296.7146875858307;7.9209e-06;4.42764e-05;2.61147834e-05;3.15143e-05;-1.3171e-05;8.5356e-06;4.85804e-05;8.38535001e-08;3.36818e-05;-1.1482e-05;7.1813e-06;5.12909e-05;3.62268042e-06;3.0526e-05;-2.0281e-05;1.8315e-06;3.68884e-05;-3.98228258e-06;3.51435e-05;-2.027e-05;0;0
1347.3288135528564;-0.0003227203;5.96366e-05;3.88268782e-05;6.35194e-05;-5.0664e-05;-0.0003894071;5.74023e-05;1.52132243e-05;6.83016e-05;-5.2695e-05;-0.0004919934;5.16056e-05;3.54334225e-05;7.46285e-05;-7.0194e-05;-0.0006596342;5.2684e-05;3.38256832e-05;8.90799e-05;-7.0028e-05;0;0
1350.4657752513883;-0.0002738483;6.1016e-05;3.50406008e-05;5.98051e-05;-6.7931e-05;-0.0003227203;5.96366e-05;3.88268782e-05;6.35194e-05;-5.0664e-05;-0.0003894071;5.74023e-05;1.52132243e-05;6.83016e-05;-5.2695e-05;-0.0004919934;5.16056e-05;3.54334225e-05;7.46285e-05;-7.0194e-05;0;0
1353.6853833198547;-0.0002349752;4.42754e-05;1.23747577e-06;5.71249e-05;-5.5665e-05;-0.0002738483;6.1016e-05;3.50406008e-05;5.98051e-05;-6.7931e-05;-0.0003227203;5.96366e-05;3.88268782e-05;6.35194e-05;-5.0664e-05;-0.0003894071;5.74023e-05;1.52132243e-05;6.83016e-05;-5.2695e-05;0;0
1358.1376690864563;-0.0002039107;3.54031e-05;1.64471785e-05;5.4772e-05;-4.5442e-05;-0.0002349752;4.42754e-05;1.23747577e-06;5.71249e-05;-5.5665e-05;-0.0002738483;6.1016e-05;3.50406008e-05;5.98051e-05;-6.7931e-05;-0.0003227203;5.96366e-05;3.88268782e-05;6.35194e-05;-5.0664e-05;0;0
1361.3644597530365;-0.0001683227;4.78923e-05;-2.16478784e-05;5.42037e-05;-4.4724e-05;-0.0002039107;3.54031e-05;1.64471785e-05;5.4772e-05;-4.5442e-05;-0.0002349752;4.42754e-05;1.23747577e-06;5.71249e-05;-5.5665e-05;-0.0002738483;6.1016e-05;3.50406008e-05;5.98051e-05;-6.7931e-05;0;0
1404.2233848571775;-1.10793e-05;4.95119e-05;3.26298978e-05;0.0001676528;-0.000146681;-4.1603e-06;4.95822e-05;2.06851819e-05;0.0001875082;-0.000166432;4.5893e-06;4.27019e-05;2.88285482e-05;0.0002249929;-0.000204631;2.32611e-05;2.60535e-05;5.50830227e-05;0.00030107;-0.000257084;0;0
1407.3439388275146;-1.66263e-05;3.48251e-05;3.2556145e-05;0.0001485087;-0.000140487;-1.10793e-05;4.95119e-05;3.26298978e-05;0.0001676528;-0.000146681;-4.1603e-06;4.95822e-05;2.06851819e-05;0.0001875082;-0.000166432;4.5893e-06;4.27019e-05;2.88285482e-05;0.0002249929;-0.000204631;0;0
1410.6531088352203;-1.73082e-05;5.74768e-05;4.2255695e-05;0.0001348416;-0.000131611;-1.66263e-05;3.48251e-05;3.2556145e-05;0.0001485087;-0.000140487;-1.10793e-05;4.95119e-05;3.26298978e-05;0.0001676528;-0.000146681;-4.1603e-06;4.95822e-05;2.06851819e-05;0.0001875082;-0.000166432;0;0
1415.2336120605469;-1.96568e-05;3.73458e-05;1.52042676e-05;0.0001244993;-0.000120957;-1.73082e-05;5.74768e-05;4.2255695e-05;0.0001348416;-0.000131611;-1.66263e-05;3.48251e-05;3.2556145e-05;0.0001485087;-0.000140487;-1.10793e-05;4.95119e-05;3.26298978e-05;0.0001676528;-0.000146681;0;0
1418.4609727859497;-2.04415e-05;5.15196e-05;7.68030877e-05;0.000113807;-0.000103966;-1.96568e-05;3.73458e-05;1.52042676e-05;0.0001244993;-0.000120957;-1.73082e-05;5.74768e-05;4.2255695e-05;0.0001348416;-0.000131611;-1.66263e-05;3.48251e-05;3.2556145e-05;0.0001485087;-0.000140487;0;0
1482.5862057209015;7.3082e-06;2.42241e-05;-1.65051515e-05;-4.5489e-05;-0.000181381;6.7103e-06;2.5143e-05;-3.01412074e-05;-5.76387e-05;-0.00020186;8.2995e-06;3.2781e-06;-4.3194781e-05;-7.83144e-05;-0.000214292;8.7558e-06;-1.1654e-06;-4.00154531e-05;-0.0001015745;-0.000256245;0;0
1485.704082250595;6.4848e-06;9.5835e-06;-7.04943477e-06;-3.47279e-05;-0.000192454;7.3082e-06;2.42241e-05;-1.65051515e-05;-4.5489e-05;-0.000181381;6.7103e-06;2.5143e-05;-3.01412074e-05;-5.76387e-05;-0.00020186;8.2995e-06;3.2781e-06;-4.3194781e-05;-7.83144e-05;-0.000214292;0;0
1488.912109375;6.1712e-06;2.97134e-05;-2.06428695e-07;-2.6647e-05;-0.000173122;6.4848e-06;9.5835e-06;-7.04943477e-06;-3.47279e-05;-0.000192454;7.3082e-06;2.42241e-05;-1.65051515e-05;-4.5489e-05;-0.000181381;6.7103e-06;2.5143e-05;-3.01412074e-05;-5.76387e-05;-0.00020186;0;0
1492.2073130607605;4.3784e-06;1.79617e-05;8.23910432e-06;-2.04783e-05;-0.000164345;6.1712e-06;2.97134e-05;-2.06428695e-07;-2.6647e-05;-0.000173122;6.4848e-06;9.5835e-06;-7.04943477e-06;-3.47279e-05;-0.000192454;7.3082e-06;2.42241e-05;-1.65051515e-05;-4.5489e-05;-0.000181381;0;0
1495.44984459877;5.0026e-06;1.51043e-05;2.70335636e-06;-1.47285e-05;-0.000175827;4.3784e-06;1.79617e-05;8.23910432e-06;-2.04783e-05;-0.000164345;6.1712e-06;2.97134e-05;-2.06428695e-07;-2.6647e-05;-0.000173122;6.4848e-06;9.5835e-06;-7.04943477e-06;-3.47279e-05;-0.000192454;0;0
1608.0697784423828;-7.99795e-05;8.78657e-05;0.000144785008;7.20803e-05;-0.000103823;-8.38524e-05;0.0001057739;0.000189819126;5.78165e-05;-0.000105368;-9.69205e-05;0.0001415305;0.000247227552;5.2154e-05;-0.000113947;-0.0001198189;0.0001786886;0.000395412382;5.67126e-05;-0.000117513;0;0
1611.520509004593;-6.69344e-05;8.84574e-05;0.000140640928;6.47128e-05;-0.00010316;-7.99795e-05;8.78657e-05;0.000144785008;7.20803e-05;-0.000103823;-8.38524e-05;0.0001057739;0.000189819126;5.78165e-05;-0.000105368;-9.69205e-05;0.0001415305;0.000247227552;5.2154e-05;-0.000113947;0;0
1614.8086667060852;-6.09636e-05;8.23638e-05;0.000131434921;6.64276e-05;-0.000104077;-6.69344e-05;8.84574e-05;0.000140640928;6.47128e-05;-0.00010316;-7.99795e-05;8.78657e-05;0.000144785008;7.20803e-05;-0.000103823;-8.38524e-05;0.0001057739;0.000189819126;5.78165e-05;-0.000105368;0;0
1618.0610966682434;-6.01181e-05;8.44692e-05;0.000133821377;6.62912e-05;-0.000139571;-6.09636e-05;8.23638e-05;0.000131434921;6.64276e-05;-0.000104077;-6.69344e-05;8.84574e-05;0.000140640928;6.47128e-05;-0.00010316;-7.99795e-05;8.78657e-05;0.000144785008;7.20803e-05;-0.000103823;0;0
1621.3417026996613;-5.65705e-05;8.4167e-05;0.000120168217;6.57982e-05;-0.0001108;-6.01181e-05;8.44692e-05;0.000133821377;6.62912e-05;-0.000139571;-6.09636e-05;8.23638e-05;0.000131434921;6.64276e-05;-0.000104077;-6.69344e-05;8.84574e-05;0.000140640928;6.47128e-05;-0.00010316;0;0
1714.316044330597;-3.17568e-05;-3.97092e-05;0.000281622342;-6.34354e-05;-2.5183e-05;-2.37657e-05;4.6722e-06;0.000335436664;-0.0001005382;1.1548e-05;-2.28888e-05;-2.02705e-05;0.000472613872;-0.0001241483;3.088e-05;-2.38349e-05;-3.40919e-05;0.000609067269;-0.0001663462;6.3702e-05;0;0
1717.5556204319;-2.11422e-05;2.9019e-05;0.000263016351;-5.98793e-05;-3.3297e-05;-3.17568e-05;-3.97092e-05;0.000281622342;-6.34354e-05;-2.5183e-05;-2.37657e-05;4.6722e-06;0.000335436664;-0.0001005382;1.1548e-05;-2.28888e-05;-2.02705e-05;0.000472613872;-0.0001241483;3.088e-05;0;0
1721.9726057052612;-2.06974e-05;3.31467e-05;0.000222559145;-5.47142e-05;-3.7956e-05;-2.11422e-05;2.9019e-05;0.000263016351;-5.98793e-05;-3.3297e-05;-3.17568e-05;-3.97092e-05;0.000281622342;-6.34354e-05;-2.5183e-05;-2.37657e-05;4.6722e-06;0.000335436664;-0.0001005382;1.1548e-05;0;0
1725.156774520874;-1.91806e-05;4.96073e-05;0.000209913676;-4.65853e-05;-6.8361e-05;-2.06974e-05;3.31467e-05;0.000222559145;-5.47142e-05;-3.7956e-05;-2.11422e-05;2.9019e-05;0.000263016351;-5.98793e-05;-3.3297e-05;-3.17568e-05;-3.97092e-05;0.000281622342;-6.34354e-05;-2.5183e-05;0;0
1728.3468379974363;-1.91491e-05;4.97678e-05;0.000203881573;-3.91763e-05;-4.8345e-05;-1.91806e-05;4.96073e-05;0.000209913676;-4.65853e-05;-6.8361e-05;-2.06974e-05;3.31467e-05;0.000222559145;-5.47142e-05;-3.7956e-05;-2.11422e-05;2.9019e-05;0.000263016351;-5.98793e-05;-3.3297e-05;0;0
1770.3117611408234;-8.64182e-05;-1.33032e-05;8.47634656e-05;-4.36629e-05;-3.5804e-05;-0.0001129701;7.67445e-05;8.89484436e-05;-6.78718e-05;-1.4584e-05;-0.0001282391;9.05123e-05;6.20041319e-05;-7.37875e-05;-5.31e-06;-0.0001140548;8.17093e-05;8.41315996e-05;-6.51524e-05;-9.16e-07;0;0
1774.7534794807434;-6.23231e-05;5.31487e-05;8.57412379e-05;-2.63066e-05;-3.9966e-05;-8.64182e-05;-1.33032e-05;8.47634656e-05;-4.36629e-05;-3.5804e-05;-0.0001129701;7.67445e-05;8.89484436e-05;-6.78718e-05;-1.4584e-05;-0.0001282391;9.05123e-05;6.20041319e-05;-7.37875e-05;-5.31e-06;0;0
1777.9527101516724;-5.52446e-05;7.1766e-05;9.48187517e-05;-2.18516e-05;-4.9173e-05;-6.23231e-05;5.31487e-05;8.57412379e-05;-2.63066e-05;-3.9966e-05;-8.64182e-05;-1.33032e-05;8.47634656e-05;-4.36629e-05;-3.5804e-05;-0.0001129701;7.67445e-05;8.89484436e-05;-6.78718e-05;-1.4584e-05;0;0
1781.2423255443573;-5.29389e-05;7.39772e-05;9.80243567e-05;-1.69723e-05;-3.9568e-05;-5.52446e-05;7.1766e-05;9.48187517e-05;-2.18516e-05;-4.9173e-05;-6.23231e-05;5.31487e-05;8.57412379e-05;-2.63066e-05;-3.9966e-05;-8.64182e-05;-1.33032e-05;8.47634656e-05;-4.36629e-05;-3.5804e-05;0;0
1784.4996132850647;-4.83538e-05;8.3009e-05;8.77456259e-05;-1.23581e-05;-4.3874e-05;-5.29389e-05;7.39772e-05;9.80243567e-05;-1.69723e-05;-3.9568e-05;-5.52446e-05;7.1766e-05;9.48187517e-05;-2.18516e-05;-4.9173e-05;-6.23231e-05;5.31487e-05;8.57412379e-05;-2.63066e-05;-3.9966e-05;0;0
1821.553433179856;-3.7693e-05;0.0003399664;0.000146165228;2.24221e-05;-6.7865e-05;-3.38842e-05;0.0004005786;0.000188739825;3.14794e-05;-8.0848e-05;-3.45345e-05;0.0006411271;0.000284742506;0.0001057577;-0.000110635;-3.32653e-05;0.0010054509;0.000390652072;0.0001114377;-0.000167845;0;0
1824.6880922317505;-4.15365e-05;0.0002991023;0.000136545859;2.21025e-05;-6.3482e-05;-3.7693e-05;0.0003399664;0.000146165228;2.24221e-05;-6.7865e-05;-3.38842e-05;0.0004005786;0.000188739825;3.14794e-05;-8.0848e-05;-3.45345e-05;0.0006411271;0.000284742506;0.0001057577;-0.000110635;0;0
1827.864811420441;-3.78136e-05;0.0002658832;0.000142834702;1.9466e-05;-5.8116e-05;-4.15365e-05;0.0002991023;0.000136545859;2.21025e-05;-6.3482e-05;-3.7693e-05;0.0003399664;0.000146165228;2.24221e-05;-6.7865e-05;-3.38842e-05;0.0004005786;0.000188739825;3.14794e-05;-8.0848e-05;0;8
1830.990091085434;-3.75913e-05;0.0002430668;0.000104627768;1.75745e-05;-5.9088e-05;-3.78136e-05;0.0002658832;0.000142834702;1.9466e-05;-5.8116e-05;-4.15365e-05;0.0002991023;0.000136545859;2.21025e-05;-6.3482e-05;-3.7693e-05;0.0003399664;0.000146165228;2.24221e-05;-6.7865e-05;0;8
1834.1094961166384;-3.60461e-05;0.000226774;0.000122780431;1.84984e-05;-7.153e-05;-3.75913e-05;0.0002430668;0.000104627768;1.75745e-05;-5.9088e-05;-3.78136e-05;0.0002658832;0.000142834702;1.9466e-05;-5.8116e-05;-4.15365e-05;0.0002991023;0.000136545859;2.21025e-05;-6.3482e-05;0;8
1837.420565605164;-3.51786e-05;0.0002187263;0.000146448438;1.60986e-05;-8.7627e-05;-3.60461e-05;0.000226774;0.000122780431;1.84984e-05;-7.153e-05;-3.75913e-05;0.0002430668;0.000104627768;1.75745e-05;-5.9088e-05;-3.78136e-05;0.0002658832;0.000142834702;1.9466e-05;-5.8116e-05;0;0
378.98942255973816;-0.0006024677;0.0002548962;0.000306550821;0.0002270371;-0.000445166;-1.6836e-06;0.0001495962;0.000109282148;-5.48636e-05;-0.000137473;-9.514e-07;0.0001569726;0.000114504233;-6.16704e-05;-0.000157401;4.395e-07;0.0001403756;0.000111228816;-6.61898e-05;-0.000144042;1;1
383.2932002544403;-0.0011098642;0.0002433909;0.00031375105;0.0002923956;-0.000464;-0.0006024677;0.0002548962;0.000306550821;0.0002270371;-0.000445166;-1.6836e-06;0.0001495962;0.000109282148;-5.48636e-05;-0.000137473;-9.514e-07;0.0001569726;0.000114504233;-6.16704e-05;-0.000157401;1;1
387.64559268951416;-0.0013839902;0.0002474956;0.00031835353;0.00031482;-0.000466076;-0.0011098642;0.0002433909;0.00031375105;0.0002923956;-0.000464;-0.0006024677;0.0002548962;0.000306550821;0.0002270371;-0.000445166;-1.6836e-06;0.0001495962;0.000109282148;-5.48636e-05;-0.000137473;1;1
391.9222986698151;-0.0015338454;0.0002448532;0.000304207555;0.0003300066;-0.00045965;-0.0013839902;0.0002474956;0.00031835353;0.00031482;-0.000466076;-0.0011098642;0.0002433909;0.00031375105;0.0002923956;-0.000464;-0.0006024677;0.0002548962;0.000306550821;0.0002270371;-0.000445166;1;1
1076.1596434116364;-0.0001418601;0.0005947409;0.000682665734;3.1012e-06;-0.000863084;-0.0001512653;0.0003223288;0.000160934942;1.2333e-05;-2.9698e-05;-0.000164238;0.0003309399;0.000216512053;2.0799e-05;-4.7749e-05;-0.0001894807;0.0003598005;0.000167628241;3.41748e-05;-6.1682e-05;1;0
1079.1980855464935;-0.0011652021;0.0006430352;0.000792197709;0.0009810895;-0.0010392;-0.0001418601;0.0005947409;0.000682665734;3.1012e-06;-0.000863084;-0.0001512653;0.0003223288;0.000160934942;1.2333e-05;-2.9698e-05;-0.000164238;0.0003309399;0.000216512053;2.0799e-05;-4.7749e-05;1;1
1083.542313337326;-0.0014244337;0.0006320502;0.000789930054;0.0010179478;-0.001034453;-0.0011652021;0.0006430352;0.000792197709;0.0009810895;-0.0010392;-0.0001418601;0.0005947409;0.000682665734;3.1012e-06;-0.000863084;-0.0001512653;0.0003223288;0.000160934942;1.2333e-05;-2.9698e-05;1;4
1086.5976226329803;-0.0016185854;0.0006317985;0.000798479887;0.0010207611;-0.001036484;-0.0014244337;0.0006320502;0.000789930054;0.0010179478;-0.001034453;-0.0011652021;0.0006430352;0.000792197709;0.0009810895;-0.0010392;-0.0001418601;0.0005947409;0.000682665734;3.1012e-06;-0.000863084;1;4
1089.5737664699554;-0.00170448;0.0006156975;0.000824348885;0.0010249531;-0.001066304;-0.0016185854;0.0006317985;0.000798479887;0.0010207611;-0.001036484;-0.0014244337;0.0006320502;0.000789930054;0.0010179478;-0.001034453;-0.0011652021;0.0006430352;0.000792197709;0.0009810895;-0.0010392;1;0
1208.8614864349363;-0.0002196128;0.0002326473;0.000257277832;4.32408e-05;-0.000452209;-6.29734e-05;0.0001310743;5.49989127e-05;-6.25257e-05;-0.000146593;-6.46224e-05;0.0001062512;4.99123307e-05;-7.7733e-05;-0.000152444;-6.62337e-05;0.0001224202;6.48569767e-05;-8.22709e-05;-0.000173708;1;4
1213.3450038433075;-0.0007457146;0.0002146562;0.000264787581;0.0002842744;-0.00045848;-0.0002196128;0.0002326473;0.000257277832;4.32408e-05;-0.000452209;-6.29734e-05;0.0001310743;5.49989127e-05;-6.25257e-05;-0.000146593;-6.46224e-05;0.0001062512;4.99123307e-05;-7.7733e-05;-0.000152444;1;1
1216.5133192539215;-0.0008996536;0.0002577662;0.000292700424;0.0003114155;-0.000489382;-0.0007457146;0.0002146562;0.000264787581;0.0002842744;-0.00045848;-0.0002196128;0.0002326473;0.000257277832;4.32408e-05;-0.000452209;-6.29734e-05;0.0001310743;5.49989127e-05;-6.25257e-05;-0.000146593;1;1
1219.7759959697723;-0.0009721812;0.0002609037;0.000315192359;0.0003298179;-0.000507874;-0.0008996536;0.0002577662;0.000292700424;0.0003114155;-0.000489382;-0.0007457146;0.0002146562;0.000264787581;0.0002842744;-0.00045848;-0.0002196128;0.0002326473;0.000257277832;4.32408e-05;-0.000452209;1;1
1222.9257020950315;-0.0010142506;0.0002530101;0.000288842479;0.0003359168;-0.000487328;-0.0009721812;0.0002609037;0.000315192359;0.0003298179;-0.000507874;-0.0008996536;0.0002577662;0.000292700424;0.0003114155;-0.000489382;-0.0007457146;0.0002146562;0.000264787581;0.0002842744;-0.00045848;1;1
1317.358500957489;-0.000370108;0.0001391357;0.000230807374;0.0002942283;-0.000367928;5.7369e-06;5.09563e-05;4.18080253e-06;3.03122e-05;-2.0701e-05;7.8044e-06;3.85742e-05;2.17777412e-07;3.08554e-05;-6.3724e-05;9.2709e-06;4.71286e-05;6.58311637e-06;3.18961e-05;-1.9166e-05;1;1
1320.491182565689;-0.0013479188;0.0001611297;0.000245872827;0.0003869875;-0.000403544;-0.000370108;0.0001391357;0.000230807374;0.0002942283;-0.000367928;5.7369e-06;5.09563e-05;4.18080253e-06;3.03122e-05;-2.0701e-05;7.8044e-06;3.85742e-05;2.17777412e-07;3.08554e-05;-6.3724e-05;1;1
1324.8715410232544;-0.001502099;0.0001548987;0.000241487549;0.0004287188;-0.000395727;-0.0013479188;0.0001611297;0.000245872827;0.0003869875;-0.000403544;-0.000370108;0.0001391357;0.000230807374;0.0002942283;-0.000367928;5.7369e-06;5.09563e-05;4.18080253e-06;3.03122e-05;-2.0701e-05;1;1
1328.250511884689;-0.0016665857;0.0001725667;0.000227456956;0.0004129385;-0.000425172;-0.001502099;0.0001548987;0.000241487549;0.0004287188;-0.000395727;-0.0013479188;0.0001611297;0.000245872827;0.0003869875;-0.000403544;-0.000370108;0.0001391357;0.000230807374;0.0002942283;-0.000367928;1;1
425.56981110572815;-0.00020396;0.0002752422;0.000374332332;0.000546846;-0.000841235;-0.0002142924;0.0001542169;4.97749497e-05;1.44754e-05;-0.000104827;-0.0002401813;0.0001561187;9.95011069e-05;1.42158e-05;-0.000111529;-0.0002795967;0.0001758815;0.00010322647;1.04884e-05;-0.000122624;2;5
428.67548990249634;-0.0001730348;0.0002826113;0.000447615224;0.000855709;-0.000988194;-0.00020396;0.0002752422;0.000374332332;0.000546846;-0.000841235;-0.0002142924;0.0001542169;4.97749497e-05;1.44754e-05;-0.000104827;-0.0002401813;0.0001561187;9.95011069e-05;1.42158e-05;-0.000111529;2;2
431.6662998199463;-0.0001341522;0.0002889282;0.000464117125;0.000941381;-0.001059271;-0.0001730348;0.0002826113;0.000447615224;0.000855709;-0.000988194;-0.00020396;0.0002752422;0.000374332332;0.000546846;-0.000841235;-0.0002142924;0.0001542169;4.97749497e-05;1.44754e-05;-0.000104827;2;2
434.9449172019959;-0.0001131674;0.0002957256;0.000458872964;0.000991405;-0.001089224;-0.0001341522;0.0002889282;0.000464117125;0.000941381;-0.001059271;-0.0001730348;0.0002826113;0.000447615224;0.000855709;-0.000988194;-0.00020396;0.0002752422;0.000374332332;0.000546846;-0.000841235;2;0
438.0320420265198;-8.95882e-05;0.0002793164;0.000456912472;0.001015285;-0.001118491;-0.0001131674;0.0002957256;0.000458872964;0.000991405;-0.001089224;-0.0001341522;0.0002889282;0.000464117125;0.000941381;-0.001059271;-0.0001730348;0.0002826113;0.000447615224;0.000855709;-0.000988194;2;0
1373.9726366996765;-0.000137809;0.0001670669;0.000350855466;0.0005480455;-0.000855963;-0.0001216641;5.55697e-05;1.80819879e-05;5.16042e-05;-5.4064e-05;-0.0001348424;6.60847e-05;1.99912156e-05;5.20111e-05;-4.5298e-05;-0.0001493603;5.32756e-05;2.67152664e-05;5.31957e-05;-4.9438e-05;2;5
1377.2618412971497;-8.53923e-05;0.0001917914;0.00037447465;0.0009507381;-0.000978388;-0.000137809;0.0001670669;0.000350855466;0.0005480455;-0.000855963;-0.0001216641;5.55697e-05;1.80819879e-05;5.16042e-05;-5.4064e-05;-0.0001348424;6.60847e-05;1.99912156e-05;5.20111e-05;-4.5298e-05;2;2
1380.347651720047;-7.12866e-05;0.0001647078;0.000371261936;0.0010078532;-0.000994156;-8.53923e-05;0.0001917914;0.00037447465;0.0009507381;-0.000978388;-0.000137809;0.0001670669;0.000350855466;0.0005480455;-0.000855963;-0.0001216641;5.55697e-05;1.80819879e-05;5.16042e-05;-5.4064e-05;2;2
1383.641931772232;-3.16949e-05;0.0001543333;0.000334079057;0.0010358986;-0.00101797;-7.12866e-05;0.0001647078;0.000371261936;0.0010078532;-0.000994156;-8.53923e-05;0.0001917914;0.00037447465;0.0009507381;-0.000978388;-0.000137809;0.0001670669;0.000350855466;0.0005480455;-0.000855963;2;2
1386.9371855258942;-1.78505e-05;0.0001539232;0.000338259037;0.0010604906;-0.001051124;-3.16949e-05;0.0001543333;0.000334079057;0.0010358986;-0.00101797;-7.12866e-05;0.0001647078;0.000371261936;0.0010078532;-0.000994156;-8.53923e-05;0.0001917914;0.00037447465;0.0009507381;-0.000978388;2;2
2022.46217918396;-0.0001613848;0.00046781;0.000882435706;0.0012341682;-0.001779759;-0.0001426259;0.000297147;0.000159835501;5.01261e-05;-9.0552e-05;-0.0001428871;0.0003134272;0.00018064506;5.14395e-05;-7.6244e-05;-0.0001472068;0.000363517;0.000150247462;5.16086e-05;-8.4712e-05;2;2
2025.885354757309;-0.0001700798;0.0005178852;0.00087533833;0.0018897601;-0.001920876;-0.0001613848;0.00046781;0.000882435706;0.0012341682;-0.001779759;-0.0001426259;0.000297147;0.000159835501;5.01261e-05;-9.0552e-05;-0.0001428871;0.0003134272;0.00018064506;5.14395e-05;-7.6244e-05;2;2
2029.162236452103;-0.0001458441;0.0004971049;0.000875256723;0.0019376456;-0.001975338;-0.0001700798;0.0005178852;0.00087533833;0.0018897601;-0.001920876;-0.0001613848;0.00046781;0.000882435706;0.0012341682;-0.001779759;-0.0001426259;0.000297147;0.000159835501;5.01261e-05;-9.0552e-05;2;2
2032.3303260803225;-0.0001313326;0.0004851476;0.000842000765;0.0019644115;-0.001950011;-0.0001458441;0.0004971049;0.000875256723;0.0019376456;-0.001975338;-0.0001700798;0.0005178852;0.00087533833;0.0018897601;-0.001920876;-0.0001613848;0.00046781;0.000882435706;0.0012341682;-0.001779759;2;2
2035.4550099372864;-9.34253e-05;0.0004676999;0.000827299897;0.0019680691;-0.001960003;-0.0001313326;0.0004851476;0.000842000765;0.0019644115;-0.001950011;-0.0001458441;0.0004971049;0.000875256723;0.0019376456;-0.001975338;-0.0001700798;0.0005178852;0.00087533833;0.0018897601;-0.001920876;2;0
484.6371660232544;-1.59309e-05;8.69133e-05;-3.67062603e-05;-0.000206044;-0.001373687;-3.07855e-05;0.0001401333;5.53494137e-05;0.0001135354;-0.000176556;-2.9104e-05;0.0001589279;0.000150172607;0.0001176173;-0.000181778;-2.40321e-05;0.0001191904;8.87057322e-05;0.0001469084;-0.000201893;3;3
487.6931872367859;1.17664e-05;4.37876e-05;-9.41199687e-05;-0.000457487;-0.001659321;-1.59309e-05;8.69133e-05;-3.67062603e-05;-0.000206044;-0.001373687;-3.07855e-05;0.0001401333;5.53494137e-05;0.0001135354;-0.000176556;-2.9104e-05;0.0001589279;0.000150172607;0.0001176173;-0.000181778;3;3
490.8316252231598;1.91638e-05;2.5871e-05;-0.000145493643;-0.000572294;-0.001749476;1.17664e-05;4.37876e-05;-9.41199687e-05;-0.000457487;-0.001659321;-1.59309e-05;8.69133e-05;-3.67062603e-05;-0.000206044;-0.001373687;-3.07855e-05;0.0001401333;5.53494137e-05;0.0001135354;-0.000176556;3;3
494.01390981674194;1.64061e-05;1.64784e-05;-0.000210731072;-0.000662405;-0.001782586;1.91638e-05;2.5871e-05;-0.000145493643;-0.000572294;-0.001749476;1.17664e-05;4.37876e-05;-9.41199687e-05;-0.000457487;-0.001659321;-1.59309e-05;8.69133e-05;-3.67062603e-05;-0.000206044;-0.001373687;3;3
498.41375064849854;2.94805e-05;-2.00848e-05;-0.000238540815;-0.00072476;-0.00179876;1.64061e-05;1.64784e-05;-0.000210731072;-0.000662405;-0.001782586;1.91638e-05;2.5871e-05;-0.000145493643;-0.000572294;-0.001749476;1.17664e-05;4.37876e-05;-9.41199687e-05;-0.000457487;-0.001659321;3;3
1130.6808636188507;-0.0002244927;0.0001583279;5.82892317e-05;-0.000336816;-0.002265654;-0.00024159;0.0002078765;9.8108103e-05;2.33974e-05;-5.1459e-05;-0.0002715112;0.000221547;0.000102365426;2.63241e-05;-5.3181e-05;-0.000295709;0.0002182584;0.000119545424;2.97755e-05;-4.6921e-05;3;3
1133.9500379562378;-0.0001617331;0.0001245014;-4.8739319e-05;-0.000678645;-0.002512404;-0.0002244927;0.0001583279;5.82892317e-05;-0.000336816;-0.002265654;-0.00024159;0.0002078765;9.8108103e-05;2.33974e-05;-5.1459e-05;-0.0002715112;0.000221547;0.000102365426;2.63241e-05;-5.3181e-05;3;3
1137.1858932971954;-0.000142992;0.0001026553;-0.000106610372;-0.000848135;-0.002611425;-0.0001617331;0.0001245014;-4.8739319e-05;-0.000678645;-0.002512404;-0.0002244927;0.0001583279;5.82892317e-05;-0.000336816;-0.002265654;-0.00024159;0.0002078765;9.8108103e-05;2.33974e-05;-5.1459e-05;3;3
1140.4614017009735;-0.0001141775;8.06834e-05;-0.000182163683;-0.000967503;-0.002633384;-0.000142992;0.0001026553;-0.000106610372;-0.000848135;-0.002611425;-0.0001617331;0.0001245014;-4.8739319e-05;-0.000678645;-0.002512404;-0.0002244927;0.0001583279;5.82892317e-05;-0.000336816;-0.002265654;3;3
1143.6886837482452;-9.19064e-05;5.8894e-05;-0.000196452311;-0.001038295;-0.0026828;-0.0001141775;8.06834e-05;-0.000182163683;-0.000967503;-0.002633384;-0.000142992;0.0001026553;-0.000106610372;-0.000848135;-0.002611425;-0.0001617331;0.0001245014;-4.8739319e-05;-0.000678645;-0.002512404;3;3
1434.3278415203094;-8.0331e-06;-2.49636e-05;-9.76943702e-05;-0.000305628;-0.001502141;-2.17621e-05;5.40561e-05;3.47503046e-05;9.22848e-05;-0.00011271;-2.07929e-05;4.79667e-05;2.86803515e-05;9.59565e-05;-9.9936e-05;-1.8525e-05;4.48502e-05;2.66982715e-05;0.000102927;-9.6569e-05;3;3
1437.5765159130096;1.73166e-05;-5.16518e-05;-0.000199671951;-0.000652336;-0.001721202;-8.0331e-06;-2.49636e-05;-9.76943702e-05;-0.000305628;-0.001502141;-2.17621e-05;5.40561e-05;3.47503046e-05;9.22848e-05;-0.00011271;-2.07929e-05;4.79667e-05;2.86803515e-05;9.59565e-05;-9.9936e-05;3;3
1440.7727460861206;2.69966e-05;-8.31097e-05;-0.000261438545;-0.000819729;-0.001790601;1.73166e-05;-5.16518e-05;-0.000199671951;-0.000652336;-0.001721202;-8.0331e-06;-2.49636e-05;-9.76943702e-05;-0.000305628;-0.001502141;-2.17621e-05;5.40561e-05;3.47503046e-05;9.22848e-05;-0.00011271;3;3
1444.031510591507;4.3154e-05;-0.0001072826;-0.00030931455;-0.000930021;-0.001853663;2.69966e-05;-8.31097e-05;-0.000261438545;-0.000819729;-0.001790601;1.73166e-05;-5.16518e-05;-0.000199671951;-0.000652336;-0.001721202;-8.0331e-06;-2.49636e-05;-9.76943702e-05;-0.000305628;-0.001502141;3;3
1447.1833980083466;5.03206e-05;-0.000121491;-0.000347717956;-0.001010164;-0.001880071;4.3154e-05;-0.0001072826;-0.00030931455;-0.000930021;-0.001853663;2.69966e-05;-8.31097e-05;-0.000261438545;-0.000819729;-0.001790601;1.73166e-05;-5.16518e-05;-0.000199671951;-0.000652336;-0.001721202;3;3
539.6274271011353;-4.65317e-05;7.99008e-05;0.000218864312;6.81435e-05;-0.000359063;-8.032e-06;0.0001055537;4.43929457e-05;-1.68807e-05;-0.000217361;-7.7509e-06;0.0001069394;4.40568838e-05;-2.51776e-05;-0.000231691;-6.2173e-06;9.90437e-05;1.95546309e-05;-4.07307e-05;-0.00023179;4;0
542.7122819423676;-8.66217e-05;0.0002441987;0.000247390592;0.0001839521;-0.000376065;-4.65317e-05;7.99008e-05;0.000218864312;6.81435e-05;-0.000359063;-8.032e-06;0.0001055537;4.43929457e-05;-1.68807e-05;-0.000217361;-7.7509e-06;0.0001069394;4.40568838e-05;-2.51776e-05;-0.000231691;4;5
545.7663094997406;-0.0001113463;0.0002304822;0.000271548168;0.0002090621;-0.000380724;-8.66217e-05;0.0002441987;0.000247390592;0.0001839521;-0.000376065;-4.65317e-05;7.99008e-05;0.000218864312;6.81435e-05;-0.000359063;-8.032e-06;0.0001055537;4.43929457e-05;-1.68807e-05;-0.000217361;4;5
548.8869230747223;-0.000130828;0.0002569364;0.000344912696;0.00022174;-0.000404361;-0.0001113463;0.0002304822;0.000271548168;0.0002090621;-0.000380724;-8.66217e-05;0.0002441987;0.000247390592;0.0001839521;-0.000376065;-4.65317e-05;7.99008e-05;0.000218864312;6.81435e-05;-0.000359063;4;5
552.0655777454376;-0.0001479767;0.0002800633;0.000302962144;0.0002318335;-0.000374243;-0.000130828;0.0002569364;0.000344912696;0.00022174;-0.000404361;-0.0001113463;0.0002304822;0.000271548168;0.0002090621;-0.000380724;-8.66217e-05;0.0002441987;0.000247390592;0.0001839521;-0.000376065;4;5
605.7658505439758;-0.0001001673;0.0002625065;0.000376748823;0.000218498;-0.000302857;-5.27732e-05;0.0001164022;8.28133052e-05;5.52498e-05;-0.00012364;-6.01769e-05;0.0001432089;7.94826701e-05;5.42626e-05;-0.000122867;-6.46455e-05;0.0001281896;9.01235398e-05;5.29536e-05;-0.000136601;4;5
608.9215466976166;-0.0001413598;0.0002581312;0.000296411541;0.0002365208;-0.000303861;-0.0001001673;0.0002625065;0.000376748823;0.000218498;-0.000302857;-5.27732e-05;0.0001164022;8.28133052e-05;5.52498e-05;-0.00012364;-6.01769e-05;0.0001432089;7.94826701e-05;5.42626e-05;-0.000122867;4;5
613.3155333995819;-0.0001668342;0.0002664161;0.000305037567;0.0002457198;-0.000321437;-0.0001413598;0.0002581312;0.000296411541;0.0002365208;-0.000303861;-0.0001001673;0.0002625065;0.000376748823;0.000218498;-0.000302857;-5.27732e-05;0.0001164022;8.28133052e-05;5.52498e-05;-0.00012364;4;5
616.4034416675568;-0.0001952899;0.000291857;0.000322126783;0.0002579438;-0.0003238;-0.0001668342;0.0002664161;0.000305037567;0.0002457198;-0.000321437;-0.0001413598;0.0002581312;0.000296411541;0.0002365208;-0.000303861;-0.0001001673;0.0002625065;0.000376748823;0.000218498;-0.000302857;4;5
619.4903404712677;-0.0002149617;0.0002790699;0.0003295489;0.0002560632;-0.000353863;-0.0001952899;0.000291857;0.000322126783;0.0002579438;-0.0003238;-0.0001668342;0.0002664161;0.000305037567;0.0002457198;-0.000321437;-0.0001413598;0.0002581312;0.000296411541;0.0002365208;-0.000303861;4;5
1044.1120841503143;-7.72385e-05;0.0004233951;0.000268313277;5.50469e-05;-0.000120405;-5.41096e-05;0.0005509051;0.000211355524;2.51754e-05;-5.6062e-05;-5.65107e-05;0.0006199448;0.000238455119;2.55474e-05;-8.0219e-05;-4.87765e-05;0.0008109906;0.000297763996;6.5808e-05;-7.6851e-05;4;0
1047.3058054447174;-0.000205632;0.0005001606;0.000262163114;9.09867e-05;-0.000124479;-7.72385e-05;0.0004233951;0.000268313277;5.50469e-05;-0.000120405;-5.41096e-05;0.0005509051;0.000211355524;2.51754e-05;-5.6062e-05;-5.65107e-05;0.0006199448;0.000238455119;2.55474e-05;-8.0219e-05;4;8
1050.4504194259644;-0.0002328982;0.0004743714;0.000295868202;9.45373e-05;-0.000136568;-0.000205632;0.0005001606;0.000262163114;9.09867e-05;-0.000124479;-7.72385e-05;0.0004233951;0.000268313277;5.50469e-05;-0.000120405;-5.41096e-05;0.0005509051;0.000211355524;2.51754e-05;-5.6062e-05;4;5
1053.679321527481;-0.0002593849;0.0004736119;0.000299688225;0.0001006318;-0.000160945;-0.0002328982;0.0004743714;0.000295868202;9.45373e-05;-0.000136568;-0.000205632;0.0005001606;0.000262163114;9.09867e-05;-0.000124479;-7.72385e-05;0.0004233951;0.000268313277;5.50469e-05;-0.000120405;4;5
1056.8691515922546;-0.0002785718;0.0004586912;0.000297159451;0.0001018809;-0.000161696;-0.0002593849;0.0004736119;0.000299688225;0.0001006318;-0.000160945;-0.0002328982;0.0004743714;0.000295868202;9.45373e-05;-0.000136568;-0.000205632;0.0005001606;0.000262163114;9.09867e-05;-0.000124479;4;5
1521.537869930267;-2.22688e-05;3.94826e-05;0.000143363039;0.0001587287;-0.000224073;3.9096e-06;4.15512e-05;1.82197364e-05;1.32766e-05;-0.000122127;5.4925e-06;1.66735e-05;7.95777487e-06;1.07404e-05;-0.000125329;5.76e-06;3.69493e-05;1.58616203e-05;8.6242e-06;-0.000154531;4;5
1525.9142680168152;-0.000110398;0.0001050302;0.000139725627;0.0001304422;-0.000221821;-2.22688e-05;3.94826e-05;0.000143363039;0.0001587287;-0.000224073;3.9096e-06;4.15512e-05;1.82197364e-05;1.32766e-05;-0.000122127;5.4925e-06;1.66735e-05;7.95777487e-06;1.07404e-05;-0.000125329;4;4
1529.1416370868685;-0.0001632908;0.0001279337;0.000161918695;0.0001344063;-0.000242157;-0.000110398;0.0001050302;0.000139725627;0.0001304422;-0.000221821;-2.22688e-05;3.94826e-05;0.000143363039;0.0001587287;-0.000224073;3.9096e-06;4.15512e-05;1.82197364e-05;1.32766e-05;-0.000122127;4;4
1533.6109206676483;-0.000190172;0.0001288998;0.000181353695;0.0001435857;-0.000235423;-0.0001632908;0.0001279337;0.000161918695;0.0001344063;-0.000242157;-0.000110398;0.0001050302;0.000139725627;0.0001304422;-0.000221821;-2.22688e-05;3.94826e-05;0.000143363039;0.0001587287;-0.000224073;4;5
1910.8397014141085;-3.68119e-05;0.0002924507;8.5745698e-05;-2.36515e-05;-0.000110458;-3.55111e-05;0.0002359579;3.83514198e-05;-2.50227e-05;1.733e-06;-3.42786e-05;0.0002564098;8.31558573e-05;-2.33963e-05;-7.772e-06;-3.46447e-05;0.0002776076;0.000139726893;-2.75916e-05;4.659e-06;4;9
1914.0741851329803;-0.0001282538;0.0003158031;0.000223914947;0.0001224573;-0.000158571;-3.68119e-05;0.0002924507;8.5745698e-05;-2.36515e-05;-0.000110458;-3.55111e-05;0.0002359579;3.83514198e-05;-2.50227e-05;1.733e-06;-3.42786e-05;0.0002564098;8.31558573e-05;-2.33963e-05;-7.772e-06;4;8
1917.3431508541107;-0.0001724736;0.0003303084;0.000294562429;0.0001431657;-0.000171389;-0.0001282538;0.0003158031;0.000223914947;0.0001224573;-0.000158571;-3.68119e-05;0.0002924507;8.5745698e-05;-2.36515e-05;-0.000110458;-3.55111e-05;0.0002359579;3.83514198e-05;-2.50227e-05;1.733e-06;4;8
1921.9694211483;-0.0002063967;0.0003190014;0.000252200058;0.0001511278;-0.000178035;-0.0001724736;0.0003303084;0.000294562429;0.0001431657;-0.000171389;-0.0001282538;0.0003158031;0.000223914947;0.0001224573;-0.000158571;-3.68119e-05;0.0002924507;8.5745698e-05;-2.36515e-05;-0.000110458;4;8
1925.255878686905;-0.0002415344;0.0003214372;0.000276423525;0.0001606671;-0.000193348;-0.0002063967;0.0003190014;0.000252200058;0.0001511278;-0.000178035;-0.0001724736;0.0003303084;0.000294562429;0.0001431657;-0.000171389;-0.0001282538;0.0003158031;0.000223914947;0.0001224573;-0.000158571;4;5
1941.806621313095;-0.0003327548;0.0002863603;0.000296317652;0.0001713333;-0.000201971;-0.0003129784;0.0003041227;0.000278242369;0.0001707214;-0.000198946;-0.0002866312;0.0003108257;0.000278579682;0.0001667845;-0.000195998;-0.0002679257;0.0003096456;0.000283638714;0.0001619739;-0.000201043;4;5
1945.280116558075;-0.0003457486;0.0002985149;0.000274413265;0.0001779602;-0.000203008;-0.0003327548;0.0002863603;0.000296317652;0.0001713333;-0.000201971;-0.0003129784;0.0003041227;0.000278242369;0.0001707214;-0.000198946;-0.0002866312;0.0003108257;0.000278579682;0.0001667845;-0.000195998;4;5
1949.744711637497;-0.0003600955;0.0002808993;0.000296806509;0.0001800873;-0.00020706;-0.0003457486;0.0002985149;0.000274413265;0.0001779602;-0.000203008;-0.0003327548;0.0002863603;0.000296317652;0.0001713333;-0.000201971;-0.0003129784;0.0003041227;0.000278242369;0.0001707214;-0.000198946;4;5
1953.271624088288;-0.0003817611;0.0002977575;0.000308731484;0.0001846764;-0.000230576;-0.0003600955;0.0002808993;0.000296806509;0.0001800873;-0.00020706;-0.0003457486;0.0002985149;0.000274413265;0.0001779602;-0.000203008;-0.0003327548;0.0002863603;0.000296317652;0.0001713333;-0.000201971;4;5
1956.6336109638207;-0.0003949436;0.0002830791;0.000306460715;0.0001840907;-0.000217813;-0.0003817611;0.0002977575;0.000308731484;0.0001846764;-0.000230576;-0.0003600955;0.0002808993;0.000296806509;0.0001800873;-0.00020706;-0.0003457486;0.0002985149;0.000274413265;0.0001779602;-0.000203008;4;5
637.8059468269348;-0.0001173045;0.0003149083;0.0004726318;0.0001818686;-0.000251884;-0.0001289199;0.0001438005;0.000113949383;7.49001e-05;-0.000178952;-0.0001393887;0.0001510626;0.00010095082;8.23222e-05;-0.000140752;-0.0001568836;0.0001681946;0.000137389216;9.9373e-05;-0.000155458;5;5
640.8720192909241;-0.0001270643;0.0003614726;0.000599581283;0.0002138991;-0.000315873;-0.0001173045;0.0003149083;0.0004726318;0.0001818686;-0.000251884;-0.0001289199;0.0001438005;0.000113949383;7.49001e-05;-0.000178952;-0.0001393887;0.0001510626;0.00010095082;8.23222e-05;-0.000140752;5;5
643.9267551898956;-0.0001358096;0.0003977505;0.000652140938;0.0002267218;-0.00029355;-0.0001270643;0.0003614726;0.000599581283;0.0002138991;-0.000315873;-0.0001173045;0.0003149083;0.0004726318;0.0001818686;-0.000251884;-0.0001289199;0.0001438005;0.000113949383;7.49001e-05;-0.000178952;5;5
647.1806581020355;-0.0001356313;0.0003928088;0.000709093118;0.0002286199;-0.000311269;-0.0001358096;0.0003977505;0.000652140938;0.0002267218;-0.00029355;-0.0001270643;0.0003614726;0.000599581283;0.0002138991;-0.000315873;-0.0001173045;0.0003149083;0.0004726318;0.0001818686;-0.000251884;5;5
650.4413104057312;-0.0001350564;0.0004029545;0.00073255942;0.0002316862;-0.000309061;-0.0001356313;0.0003928088;0.000709093118;0.0002286199;-0.000311269;-0.0001358096;0.0003977505;0.000652140938;0.0002267218;-0.00029355;-0.0001270643;0.0003614726;0.000599581283;0.0002138991;-0.000315873;5;5
1579.423480272293;-9.26218e-05;0.0001052557;0.000289057702;0.0001004857;-0.000124777;-7.55098e-05;5.8574e-05;2.16926292e-05;5.23154e-05;-9.2308e-05;-8.16652e-05;5.2919e-05;5.41885711e-05;5.00454e-05;-0.000100246;-8.62965e-05;5.32609e-05;1.50315791e-05;4.98665e-05;-0.000109122;5;5
1582.8389112949371;-0.0001070361;0.0001985877;0.000354173535;7.00993e-05;-0.000123507;-9.26218e-05;0.0001052557;0.000289057702;0.0001004857;-0.000124777;-7.55098e-05;5.8574e-05;2.16926292e-05;5.23154e-05;-9.2308e-05;-8.16652e-05;5.2919e-05;5.41885711e-05;5.00454e-05;-0.000100246;5;5
1586.124336719513;-0.0001132607;0.0001865528;0.00038630882;5.56894e-05;-0.000121675;-0.0001070361;0.0001985877;0.000354173535;7.00993e-05;-0.000123507;-9.26218e-05;0.0001052557;0.000289057702;0.0001004857;-0.000124777;-7.55098e-05;5.8574e-05;2.16926292e-05;5.23154e-05;-9.2308e-05;5;5
1589.3148348331451;-0.0001162797;0.0002139471;0.000413016707;6.00331e-05;-0.00011579;-0.0001132607;0.0001865528;0.00038630882;5.56894e-05;-0.000121675;-0.0001070361;0.0001985877;0.000354173535;7.00993e-05;-0.000123507;-9.26218e-05;0.0001052557;0.000289057702;0.0001004857;-0.000124777;5;5
1593.7514922618866;-0.0001198189;0.0001786886;0.000395412382;5.67126e-05;-0.000117513;-0.0001162797;0.0002139471;0.000413016707;6.00331e-05;-0.00011579;-0.0001132607;0.0001865528;0.00038630882;5.56894e-05;-0.000121675;-0.0001070361;0.0001985877;0.000354173535;7.00993e-05;-0.000123507;5;5
693.4186782836914;-8.6608e-05;6.93743e-05;0.0012934712;-7.2192e-05;6.113e-05;-7.37223e-05;0.0001475223;0.000172572909;8.1624e-05;-0.000139196;-7.907e-05;0.000169211;0.000174796209;7.75519e-05;-0.00012162;-7.92012e-05;0.0001779879;0.000165669495;8.30236e-05;-0.000154917;6;6
696.6635882854462;-7.79351e-05;6.5855e-06;0.0014386588;-0.000221954;0.000147487;-8.6608e-05;6.93743e-05;0.0012934712;-7.2192e-05;6.113e-05;-7.37223e-05;0.0001475223;0.000172572909;8.1624e-05;-0.000139196;-7.907e-05;0.000169211;0.000174796209;7.75519e-05;-0.00012162;6;6
699.7995886802673;-7.83326e-05;-2.0864e-06;0.00155358005;-0.000268786;0.000195578;-7.79351e-05;6.5855e-06;0.0014386588;-0.000221954;0.000147487;-8.6608e-05;6.93743e-05;0.0012934712;-7.2192e-05;6.113e-05;-7.37223e-05;0.0001475223;0.000172572909;8.1624e-05;-0.000139196;6;6
702.8424444198608;-8.06928e-05;-1.62854e-05;0.00160510314;-0.00029546;0.000214788;-7.83326e-05;-2.0864e-06;0.00155358005;-0.000268786;0.000195578;-7.79351e-05;6.5855e-06;0.0014386588;-0.000221954;0.000147487;-8.6608e-05;6.93743e-05;0.0012934712;-7.2192e-05;6.113e-05;6;6
705.9243183135986;-8.39069e-05;-2.89225e-05;0.00167587178;-0.000333284;0.000221015;-8.06928e-05;-1.62854e-05;0.00160510314;-0.00029546;0.000214788;-7.83326e-05;-2.0864e-06;0.00155358005;-0.000268786;0.000195578;-7.79351e-05;6.5855e-06;0.0014386588;-0.000221954;0.000147487;6;6
1680.9658119678495;-2.86277e-05;4.28645e-05;0.00193222042;3.6795e-05;0.000153559;-3.70049e-05;7.40339e-05;4.33436871e-05;5.13828e-05;-6.856e-05;-4.0048e-05;8.36908e-05;7.44716453e-05;5.07032e-05;-7.8143e-05;-4.19676e-05;7.9798e-05;7.3712421e-05;5.0797e-05;-7.4765e-05;6;6
1684.3667349815369;-3.15135e-05;8.528e-07;0.00224425434;-0.0002410044;0.000216897;-2.86277e-05;4.28645e-05;0.00193222042;3.6795e-05;0.000153559;-3.70049e-05;7.40339e-05;4.33436871e-05;5.13828e-05;-6.856e-05;-4.0048e-05;8.36908e-05;7.44716453e-05;5.07032e-05;-7.8143e-05;6;6
1688.773107767105;-3.57954e-05;-4.48198e-05;0.00240432215;-0.0002917119;0.000268985;-3.15135e-05;8.528e-07;0.00224425434;-0.0002410044;0.000216897;-2.86277e-05;4.28645e-05;0.00193222042;3.6795e-05;0.000153559;-3.70049e-05;7.40339e-05;4.33436871e-05;5.13828e-05;-6.856e-05;6;6
1691.862497329712;-3.615e-05;-6.83107e-05;0.0025341853;-0.0003584504;0.000288383;-3.57954e-05;-4.48198e-05;0.00240432215;-0.0002917119;0.000268985;-3.15135e-05;8.528e-07;0.00224425434;-0.0002410044;0.000216897;-2.86277e-05;4.28645e-05;0.00193222042;3.6795e-05;0.000153559;6;6
1695.0614113807678;-3.6557e-05;-0.0001109288;0.00184157339;-0.0003967813;0.000269901;-3.615e-05;-6.83107e-05;0.0025341853;-0.0003584504;0.000288383;-3.57954e-05;-4.48198e-05;0.00240432215;-0.0002917119;0.000268985;-3.15135e-05;8.528e-07;0.00224425434;-0.0002410044;0.000216897;6;6
790.3023262023926;-9.91026e-05;0.0004195737;9.82376368e-05;-6.70264e-05;-5.2839e-05;-7.27405e-05;0.0004421992;0.000122160112;-6.6565e-05;-2.2456e-05;-4.58111e-05;0.0004806065;8.1921251e-05;-7.10691e-05;-1.7112e-05;-4.93189e-05;0.0005796;4.93274383e-05;-8.36312e-05;-6.966e-06;7;0
793.5029861927032;-0.0001141272;0.0004023073;0.000105234714;-7.09796e-05;3.191e-06;-9.91026e-05;0.0004195737;9.82376368e-05;-6.70264e-05;-5.2839e-05;-7.27405e-05;0.0004421992;0.000122160112;-6.6565e-05;-2.2456e-05;-4.58111e-05;0.0004806065;8.1921251e-05;-7.10691e-05;-1.7112e-05;7;8
796.6728100776672;-0.0001233141;0.0003780947;0.000101111087;-7.55022e-05;4.239e-06;-0.0001141272;0.0004023073;0.000105234714;-7.09796e-05;3.191e-06;-9.91026e-05;0.0004195737;9.82376368e-05;-6.70264e-05;-5.2839e-05;-7.27405e-05;0.0004421992;0.000122160112;-6.6565e-05;-2.2456e-05;7;8
799.9330012798309;-0.0001319305;0.0003473008;9.72757043e-05;-7.99223e-05;1.868e-05;-0.0001233141;0.0003780947;0.000101111087;-7.55022e-05;4.239e-06;-0.0001141272;0.0004023073;0.000105234714;-7.09796e-05;3.191e-06;-9.91026e-05;0.0004195737;9.82376368e-05;-6.70264e-05;-5.2839e-05;7;8
846.9543232917786;-7.999e-05;0.0002389695;0.000100761907;-9.247e-06;-1.592e-05;-4.62989e-05;0.0002013843;0.000109416134;-1.27824e-05;-7.3893e-05;-4.70678e-05;0.0002131341;0.000109482527;-1.75996e-05;-4.0783e-05;-4.87661e-05;0.0002274758;0.000122819038;-1.69331e-05;-6.9443e-05;7;8
851.2289574146271;-0.0001049475;0.0002487533;6.05552123e-05;-1.06837e-05;-2.5249e-05;-7.999e-05;0.0002389695;0.000100761907;-9.247e-06;-1.592e-05;-4.62989e-05;0.0002013843;0.000109416134;-1.27824e-05;-7.3893e-05;-4.70678e-05;0.0002131341;0.000109482527;-1.75996e-05;-4.0783e-05;7;8
854.362722158432;-0.0001283902;0.0002532094;0.000112446396;-2.60972e-05;-1.7521e-05;-0.0001049475;0.0002487533;6.05552123e-05;-1.06837e-05;-2.5249e-05;-7.999e-05;0.0002389695;0.000100761907;-9.247e-06;-1.592e-05;-4.62989e-05;0.0002013843;0.000109416134;-1.27824e-05;-7.3893e-05;7;8
857.531138420105;-0.0001398954;0.0002781762;0.000138392323;-3.08947e-05;-1.9928e-05;-0.0001283902;0.0002532094;0.000112446396;-2.60972e-05;-1.7521e-05;-0.0001049475;0.0002487533;6.05552123e-05;-1.06837e-05;-2.5249e-05;-7.999e-05;0.0002389695;0.000100761907;-9.247e-06;-1.592e-05;7;5
860.8390619754791;-0.000146269;0.0002803486;0.000114541006;-3.45817e-05;-4.538e-06;-0.0001398954;0.0002781762;0.000138392323;-3.08947e-05;-1.9928e-05;-0.0001283902;0.0002532094;0.000112446396;-2.60972e-05;-1.7521e-05;-0.0001049475;0.0002487533;6.05552123e-05;-1.06837e-05;-2.5249e-05;7;5
1743.2265725135803;-5.39029e-05;6.79582e-05;0.000132791829;-3.63794e-05;-2.9897e-05;-1.90254e-05;5.33627e-05;0.000172722692;-3.23782e-05;-5.0896e-05;-2.11831e-05;5.40403e-05;0.000201957737;-3.77746e-05;-6.0004e-05;-1.91491e-05;4.97678e-05;0.000203881573;-3.91763e-05;-4.8345e-05;7;7
1746.5045053958893;-8.16327e-05;8.53713e-05;0.000124468512;-4.98032e-05;-1.9056e-05;-5.39029e-05;6.79582e-05;0.000132791829;-3.63794e-05;-2.9897e-05;-1.90254e-05;5.33627e-05;0.000172722692;-3.23782e-05;-5.0896e-05;-2.11831e-05;5.40403e-05;0.000201957737;-3.77746e-05;-6.0004e-05;7;7
1749.823706865311;-9.38974e-05;8.30415e-05;0.000120090925;-5.58901e-05;-2.5878e-05;-8.16327e-05;8.53713e-05;0.000124468512;-4.98032e-05;-1.9056e-05;-5.39029e-05;6.79582e-05;0.000132791829;-3.63794e-05;-2.9897e-05;-1.90254e-05;5.33627e-05;0.000172722692;-3.23782e-05;-5.0896e-05;7;7
1753.2942171096802;-0.0001022359;9.10578e-05;0.000106485582;-5.79616e-05;-0.000107345;-9.38974e-05;8.30415e-05;0.000120090925;-5.58901e-05;-2.5878e-05;-8.16327e-05;8.53713e-05;0.000124468512;-4.98032e-05;-1.9056e-05;-5.39029e-05;6.79582e-05;0.000132791829;-3.63794e-05;-2.9897e-05;7;7
901.7483098506927;-3.97931e-05;0.0004545037;0.000177996597;3.43843e-05;-8.9746e-05;-5.20431e-05;0.0001698656;4.0234514e-05;2.9245e-06;-3.3816e-05;-5.36102e-05;0.0001528008;8.15214371e-05;-2.762e-06;-4.012e-05;-5.65296e-05;0.0001733786;0.000131026944;-9.785e-07;-4.7175e-05;8;8
904.9653074741364;-4.35075e-05;0.0006290993;0.000253890525;3.67623e-05;-9.4472e-05;-3.97931e-05;0.0004545037;0.000177996597;3.43843e-05;-8.9746e-05;-5.20431e-05;0.0001698656;4.0234514e-05;2.9245e-06;-3.3816e-05;-5.36102e-05;0.0001528008;8.15214371e-05;-2.762e-06;-4.012e-05;8;8
908.129667043686;-4.13246e-05;0.0007293096;0.000274379534;5.57199e-05;-0.00010984;-4.35075e-05;0.0006290993;0.000253890525;3.67623e-05;-9.4472e-05;-3.97931e-05;0.0004545037;0.000177996597;3.43843e-05;-8.9746e-05;-5.20431e-05;0.0001698656;4.0234514e-05;2.9245e-06;-3.3816e-05;8;8
911.2308619022368;-4.48156e-05;0.00079665;0.000271837722;6.31202e-05;-9.3147e-05;-4.13246e-05;0.0007293096;0.000274379534;5.57199e-05;-0.00010984;-4.35075e-05;0.0006290993;0.000253890525;3.67623e-05;-9.4472e-05;-3.97931e-05;0.0004545037;0.000177996597;3.43843e-05;-8.9746e-05;8;8
915.6857028007508;-4.50411e-05;0.0008031882;0.000287841307;6.60403e-05;-0.000110911;-4.48156e-05;0.00079665;0.000271837722;6.31202e-05;-9.3147e-05;-4.13246e-05;0.0007293096;0.000274379534;5.57199e-05;-0.00010984;-4.35075e-05;0.0006290993;0.000253890525;3.67623e-05;-9.4472e-05;8;8
960.888724565506;-5.16371e-05;0.0007792337;0.000323772867;7.5776e-05;-0.000123496;-4.36921e-05;0.0002218889;0.00013130685;1.56633e-05;-8.1853e-05;-4.4353e-05;0.000231227;0.000150195774;1.77479e-05;-5.2563e-05;-4.56716e-05;0.0002377695;0.000117813848;1.7029e-05;-4.4216e-05;8;8
963.999784231186;-4.52656e-05;0.00107051;0.000364411128;9.88952e-05;-0.000161607;-5.16371e-05;0.0007792337;0.000323772867;7.5776e-05;-0.000123496;-4.36921e-05;0.0002218889;0.00013130685;1.56633e-05;-8.1853e-05;-4.4353e-05;0.000231227;0.000150195774;1.77479e-05;-5.2563e-05;8;8
967.0070116519928;-3.9428e-05;0.0011495507;0.000392044953;0.0001121271;-0.000140498;-4.52656e-05;0.00107051;0.000364411128;9.88952e-05;-0.000161607;-5.16371e-05;0.0007792337;0.000323772867;7.5776e-05;-0.000123496;-4.36921e-05;0.0002218889;0.00013130685;1.56633e-05;-8.1853e-05;8;8
970.030927181244;-4.04676e-05;0.0011714041;0.00039581189;0.0001113417;-0.000149684;-3.9428e-05;0.0011495507;0.000392044953;0.0001121271;-0.000140498;-4.52656e-05;0.00107051;0.000364411128;9.88952e-05;-0.000161607;-5.16371e-05;0.0007792337;0.000323772867;7.5776e-05;-0.000123496;8;8
973.1515128612518;-4.09144e-05;0.0012144227;0.000411916757;0.0001178322;-0.000146405;-4.04676e-05;0.0011714041;0.00039581189;0.0001113417;-0.000149684;-3.9428e-05;0.0011495507;0.000392044953;0.0001121271;-0.000140498;-4.52656e-05;0.00107051;0.000364411128;9.88952e-05;-0.000161607;8;8
1795.9782242774963;-4.1761e-05;0.0006960275;0.000275683444;2.654e-06;-0.00012884;-4.33093e-05;7.14093e-05;7.46520818e-05;-5.14e-06;-5.5996e-05;-4.43194e-05;8.27971e-05;9.49568639e-05;-5.7563e-06;-5.1094e-05;-4.83538e-05;8.3009e-05;8.77456259e-05;-1.23581e-05;-4.3874e-05;8;8
1799.095448732376;-3.58227e-05;0.0008211489;0.000311812764;8.6631e-05;-0.00014656;-4.1761e-05;0.0006960275;0.000275683444;2.654e-06;-0.00012884;-4.33093e-05;7.14093e-05;7.46520818e-05;-5.14e-06;-5.5996e-05;-4.43194e-05;8.27971e-05;9.49568639e-05;-5.7563e-06;-5.1094e-05;8;9
1802.0228598117828;-3.46143e-05;0.0008928869;0.000348821806;9.77586e-05;-0.000153747;-3.58227e-05;0.0008211489;0.000311812764;8.6631e-05;-0.00014656;-4.1761e-05;0.0006960275;0.000275683444;2.654e-06;-0.00012884;-4.33093e-05;7.14093e-05;7.46520818e-05;-5.14e-06;-5.5996e-05;8;5
1805.2532947063448;-3.3944e-05;0.000940733;0.000371702859;0.0001002479;-0.000160603;-3.46143e-05;0.0008928869;0.000348821806;9.77586e-05;-0.000153747;-3.58227e-05;0.0008211489;0.000311812764;8.6631e-05;-0.00014656;-4.1761e-05;0.0006960275;0.000275683444;2.654e-06;-0.00012884;8;8
1808.5034127235413;-3.26747e-05;0.0009707002;0.000380411744;0.0001071092;-0.000163815;-3.3944e-05;0.000940733;0.000371702859;0.0001002479;-0.000160603;-3.46143e-05;0.0008928869;0.000348821806;9.77586e-05;-0.000153747;-3.58227e-05;0.0008211489;0.000311812764;8.6631e-05;-0.00014656;8;6
1991.9355494976044;-0.0001789154;0.0006172867;0.000256860774;8.59754e-05;-0.000114212;-0.0001930766;0.0001655616;9.85627485e-05;3.82775e-05;-5.5312e-05;-0.0002031774;0.0001519627;8.51709774e-05;3.95919e-05;-6.1439e-05;-0.000214755;0.0001485073;8.02425202e-05;3.79458e-05;-7.7624e-05;8;8
1996.2413611412048;-0.0001671217;0.0007200377;0.000304170331;0.0001039185;-0.000136977;-0.0001789154;0.0006172867;0.000256860774;8.59754e-05;-0.000114212;-0.0001930766;0.0001655616;9.85627485e-05;3.82775e-05;-5.5312e-05;-0.0002031774;0.0001519627;8.51709774e-05;3.95919e-05;-6.1439e-05;8;8
1999.406478643417;-0.0001614918;0.000769109;0.000309643772;0.0001063882;-0.000133786;-0.0001671217;0.0007200377;0.000304170331;0.0001039185;-0.000136977;-0.0001789154;0.0006172867;0.000256860774;8.59754e-05;-0.000114212;-0.0001930766;0.0001655616;9.85627485e-05;3.82775e-05;-5.5312e-05;8;8
2003.7360625267029;-0.0001587896;0.0008155127;0.000325882022;0.0001041203;-0.000136391;-0.0001614918;0.000769109;0.000309643772;0.0001063882;-0.000133786;-0.0001671217;0.0007200377;0.000304170331;0.0001039185;-0.000136977;-0.0001789154;0.0006172867;0.000256860774;8.59754e-05;-0.000114212;8;8
752.7361471652985;-5.19119e-05;0.0022199452;9.01056483e-05;-7.74287e-05;-1.402e-06;-4.23809e-05;0.0001343744;0.000193884873;-1.01557e-05;-8.1698e-05;-4.11882e-05;0.0001251811;0.000219055029;-1.4182e-05;-8.3696e-05;-4.20211e-05;0.0001169561;0.000246706826;-1.9514e-05;-8.703e-05;9;9
755.7748184204102;-6.093e-05;0.0024385319;7.58686929e-06;-0.0001331128;3.8873e-05;-5.19119e-05;0.0022199452;9.01056483e-05;-7.74287e-05;-1.402e-06;-4.23809e-05;0.0001343744;0.000193884873;-1.01557e-05;-8.1698e-05;-4.11882e-05;0.0001251811;0.000219055029;-1.4182e-05;-8.3696e-05;9;9
758.8951780796051;-6.65714e-05;0.002498788;-2.41870839e-05;-0.0001693657;7.8916e-05;-6.093e-05;0.0024385319;7.58686929e-06;-0.0001331128;3.8873e-05;-5.19119e-05;0.0022199452;9.01056483e-05;-7.74287e-05;-1.402e-06;-4.23809e-05;0.0001343744;0.000193884873;-1.01557e-05;-8.1698e-05;9;9
761.9030909538269;-7.33321e-05;0.0026427028;-7.70627303e-05;-0.0001869565;0.000112467;-6.65714e-05;0.002498788;-2.41870839e-05;-0.0001693657;7.8916e-05;-6.093e-05;0.0024385319;7.58686929e-06;-0.0001331128;3.8873e-05;-5.19119e-05;0.0022199452;9.01056483e-05;-7.74287e-05;-1.402e-06;9;9
765.0251860618591;-7.84648e-05;0.0026977565;-7.41719487e-05;-0.0001968296;0.00011451;-7.33321e-05;0.0026427028;-7.70627303e-05;-0.0001869565;0.000112467;-6.65714e-05;0.002498788;-2.41870839e-05;-0.0001693657;7.8916e-05;-6.093e-05;0.0024385319;7.58686929e-06;-0.0001331128;3.8873e-05;9;9
1851.6442317962649;-3.15208e-05;0.0018166962;2.55376999e-05;4.974e-07;2.6927e-05;-3.4095e-05;0.0001730262;9.92430432e-05;1.17701e-05;-5.1459e-05;-3.29401e-05;0.0001804834;8.74151592e-05;1.40663e-05;-4.5088e-05;-3.35401e-05;0.0001893126;0.000120446668;1.45234e-05;-7.3815e-05;9;9
1854.7174570560453;-4.45366e-05;0.0021148716;-7.63904172e-05;-8.56187e-05;6.2709e-05;-3.15208e-05;0.0018166962;2.55376999e-05;4.974e-07;2.6927e-05;-3.4095e-05;0.0001730262;9.92430432e-05;1.17701e-05;-5.1459e-05;-3.29401e-05;0.0001804834;8.74151592e-05;1.40663e-05;-4.5088e-05;9;9
1859.2182683944704;-5.67184e-05;0.0023149976;-0.000166237296;-0.0001355879;0.000134757;-4.45366e-05;0.0021148716;-7.63904172e-05;-8.56187e-05;6.2709e-05;-3.15208e-05;0.0018166962;2.55376999e-05;4.974e-07;2.6927e-05;-3.4095e-05;0.0001730262;9.92430432e-05;1.17701e-05;-5.1459e-05;9;9
1862.321722984314;-6.66407e-05;0.0024855021;-0.000206854369;-0.0001727003;0.000151086;-5.67184e-05;0.0023149976;-0.000166237296;-0.0001355879;0.000134757;-4.45366e-05;0.0021148716;-7.63904172e-05;-8.56187e-05;6.2709e-05;-3.15208e-05;0.0018166962;2.55376999e-05;4.974e-07;2.6927e-05;9;9
1865.547406673432;-7.00625e-05;0.0025568584;-0.000217774592;-0.0001919438;0.000146206;-6.66407e-05;0.0024855021;-0.000206854369;-0.0001727003;0.000151086;-5.67184e-05;0.0023149976;-0.000166237296;-0.0001355879;0.000134757;-4.45366e-05;0.0021148716;-7.63904172e-05;-8.56187e-05;6.2709e-05;9;9
